p_val,avg_log2FC,pct.1,pct.2,p_val_adj,cluster,gene,Marker_Rank
0,1.11423906646483,0.722,0.337,0,0,RGS1,1
0,0.9574065268942111,0.824,0.425,0,0,CD8A,2
1.0326e-320,0.8428879221182175,0.863,0.534,1.9541902e-316,0,TUBA4A,3
1.5454871043648282e-287,1.147075869354064,0.587,0.232,2.9248343450104374e-283,0,CD8B,4
6.149131179467373e-270,0.5168100916165304,0.992,0.759,1.1637230757142003e-265,0,DUSP2,5
3.7388710809209642e-252,0.5491944327128997,0.987,0.72,7.075813520642925e-248,0,CXCR4,6
2.6941310590809303e-233,0.7031881983473056,0.865,0.548,5.098643029310661e-229,0,FAM177A1,7
1.5384837598258432e-206,0.5168898651734137,0.967,0.704,2.911580515470408e-202,0,CREM,8
3.039178393831303e-193,0.69528136352735,0.813,0.485,5.7516451103257406e-189,0,GZMK,9
1.3252450471455662e-190,0.7182338445541294,0.751,0.437,2.508026251722984e-186,0,TENT5C,10
0,4.401589604767123,0.779,0.04,0,1,FGFBP2,1
0,4.270220478102333,0.337,0.017,0,1,PRSS23,2
0,3.585605170253319,0.824,0.087,0,1,GNLY,3
0,3.464817630016265,0.277,0.028,0,1,LAIR2,4
0,3.1166516893296317,0.32,0.035,0,1,CX3CR1,5
0,3.079983641768939,0.365,0.043,0,1,ADGRG1,6
0,2.9703461131084197,0.643,0.091,0,1,FCGR3A,7
0,2.852047760294237,0.913,0.177,0,1,GZMB,8
0,2.7995307642682032,0.329,0.051,0,1,C1orf21,9
0,2.5462961143111573,0.591,0.127,0,1,SPON2,10
1.2037527766623123e-280,1.4046771122933648,0.914,0.497,2.278102129833426e-276,10,KLRB1,1
4.516606466075361e-217,0.7735534511035631,0.968,0.78,8.54767773704762e-213,10,S100A4,2
4.469233818497873e-197,3.45765470670543,0.28,0.043,8.458025001507225e-193,10,CCL20,3
2.6291364370725925e-195,2.54753038345823,0.406,0.091,4.9756407071598813e-191,10,TRAV1-2,4
2.516723385596882e-190,1.5982583702395132,0.747,0.322,4.762899007242099e-186,10,IL7R,5
4.0186804567364355e-167,2.9485838373405517,0.308,0.062,7.605352764373705e-163,10,SLC4A10,6
4.1638466397405416e-167,0.47153746373995675,0.982,0.938,7.880079765708975e-163,10,BTG1,7
9.806816282873371e-147,0.3222514122574225,0.992,0.987,1.8559399815337855e-142,10,PTMA,8
1.8402674804549603e-143,0.2764484549277304,1,0.997,3.482706206761012e-139,10,EEF1A1,9
1.0709320222055338e-138,0.28098915147507775,0.994,0.991,2.0267388520239727e-134,10,HLA-C,10
0,15.530622763111007,0.277,0,0,11,RBP7,1
0,12.496693677652503,0.329,0,0,11,CD300E,2
0,12.445019985247109,0.284,0,0,11,HNMT,3
0,12.26162630219387,0.326,0,0,11,LILRA2,4
0,12.103574554099778,0.25,0,0,11,AC020656.1,5
0,11.132346440143213,0.725,0.001,0,11,FCN1,6
0,11.052437556576836,0.711,0,0,11,CSTA,7
0,10.668445744125853,0.574,0,0,11,FPR1,8
0,10.436803785159368,0.485,0,0,11,SMIM25,9
0,10.346865407994807,0.452,0.001,0,11,S100A12,10
0,9.553005836149143,0.432,0.001,0,12,FCER2,1
0,9.526385710342002,0.405,0.001,0,12,VPREB3,2
0,9.093087887411187,0.435,0.001,0,12,LINC00926,3
0,9.024620665414076,0.299,0.001,0,12,FCRL1,4
0,8.824515529892397,0.484,0.002,0,12,FCRLA,5
0,8.733407620165384,0.329,0.001,0,12,LINC02397,6
0,8.701712668786826,0.288,0.001,0,12,CD24,7
0,8.611358570344056,0.288,0.001,0,12,CD22,8
0,8.57611995377948,0.278,0.001,0,12,TCL1A,9
0,8.300916129692613,0.414,0.002,0,12,CD19,10
0,3.8639058499910237,0.628,0.061,0,13,CX3CR1,1
0,3.1838895774526437,0.86,0.119,0,13,FGFBP2,2
5.2151213510738065e-282,2.82536224777946,0.916,0.166,9.869617156907179e-278,13,GNLY,3
9.138983497797148e-212,4.295309143683516,0.333,0.025,1.7295526269581103e-207,13,MYOM2,4
3.796595352930366e-192,2.728956132435299,0.737,0.149,7.185056705420717e-188,13,FCGR3A,5
5.609208392535286e-188,3.9844875381072793,0.368,0.035,1.0615426882873028e-183,13,IGFBP7,6
1.3014938633296225e-165,2.091491145819175,0.923,0.257,2.4630771363513108e-161,13,GZMB,7
6.550991027877946e-160,3.3149552472254236,0.411,0.05,1.2397750520259012e-155,13,PRSS23,8
1.7549880849146993e-142,2.541852727632323,0.695,0.176,3.321314950701068e-138,13,SPON2,9
1.9439674285590978e-140,1.057030686528964,1,0.761,3.6789583585480924e-136,13,NKG7,10
4.5234417700632245e-213,3.3546027141168056,0.64,0.095,8.560613549844652e-209,14,TRDC,1
4.811552681767548e-196,2.667004468612682,0.813,0.171,9.105863450245084e-192,14,FCER1G,2
8.812197360472219e-149,2.060370399432011,0.895,0.29,1.6677083504693675e-144,14,TYROBP,3
6.16652627924017e-140,2.446701374310221,0.742,0.2,1.1670150983462023e-135,14,CD160,4
3.911587939289217e-127,2.6944209786311974,0.573,0.115,7.402680175104843e-123,14,CCL3,5
2.032644762224085e-105,1.9364312386529934,0.809,0.307,3.846780212509081e-101,14,CMC1,6
9.194051659776319e-94,2.6253865952013777,0.476,0.104,1.7399742766126684e-89,14,PTGDR,7
1.6341940582084264e-87,0.9138685119590169,0.97,0.784,3.0927122551594467e-83,14,IFITM2,8
5.37220353633194e-81,2.0423188059200994,0.596,0.174,1.0166895192508197e-76,14,KLRF1,9
7.247681395793871e-78,1.2813004687922902,0.861,0.575,1.3716237041539902e-73,14,GSTP1,10
0,15.420925298298132,0.297,0,0,15,DPEP1,1
0,11.796903985837087,0.56,0,0,15,SDC1,2
0,9.254446785220148,0.303,0.001,0,15,IGF1,3
0,9.01180817148303,0.766,0.001,0,15,TNFRSF17,4
0,8.879289857737788,0.251,0.001,0,15,IGKV3OR2-268,5
0,8.451369384232112,0.337,0.002,0,15,IGHG4,6
0,8.25979932768843,0.977,0.007,0,15,DERL3,7
0,8.145501637317341,0.257,0.001,0,15,AC104699.1,8
0,7.88601112478398,0.354,0.001,0,15,AC012236.1,9
0,7.827224815278403,0.263,0.002,0,15,IGLV6-57,10
0,11.593656307131923,0.82,0,0,16,SCT,1
0,11.563920179698282,0.656,0,0,16,PTCRA,2
0,11.549990757151793,0.738,0,0,16,LRRC26,3
0,11.427672304178119,0.311,0,0,16,ASIP,4
0,11.357390025685923,0.328,0,0,16,AC097375.1,5
0,10.316965587668728,0.262,0,0,16,KCNK17,6
0,10.294802186239277,0.869,0.001,0,16,CLEC4C,7
0,10.199875349516407,0.475,0,0,16,SHD,8
0,10.185652799003595,0.393,0,0,16,DRD4,9
0,10.102187119852676,0.41,0,0,16,KRT5,10
0,3.265762985824709,0.259,0.023,0,2,LEF1,1
0,3.1075655451619357,0.466,0.061,0,2,CCR7,2
0,2.532409144120595,0.301,0.049,0,2,CD4,3
0,1.8772973140845628,0.591,0.171,0,2,GPR183,4
0,1.5917416256174128,0.848,0.275,0,2,IL7R,5
0,1.2485468613474113,0.833,0.359,0,2,LTB,6
3.2607959984702794e-293,2.0566117868431273,0.333,0.078,6.1710564271050035e-289,2,S1PR1,7
1.23471935075175e-241,1.4087908100188304,0.553,0.238,2.3367063712976867e-237,2,LMNA,8
6.824717827967607e-235,1.4554197704468868,0.427,0.14,1.2915778489428696e-230,2,ICOS,9
2.345676714751085e-230,0.89835320301014,0.815,0.478,4.4391931826664284e-226,2,LDHB,10
0,1.8301479330590547,0.629,0.237,0,3,GIMAP4,1
0,1.6496972834638073,0.626,0.25,0,3,CD8B,2
0,1.5225218958909736,0.733,0.332,0,3,GIMAP7,3
0,0.7878750899422471,0.983,0.768,0,3,CCL5,4
0,0.7117254225691703,0.946,0.786,0,3,PTPRCAP,5
7.212578432384106e-293,0.7397773327020079,0.909,0.702,1.3649804683286921e-288,3,GZMA,6
5.060725687670162e-291,0.8902279976888936,0.881,0.592,9.577423363915781e-287,3,CD3D,7
7.55740695842561e-279,1.6262280720295497,0.536,0.192,1.4302392668820467e-274,3,HSPA1B,8
1.936105986268791e-275,1.7236180099189056,0.54,0.212,3.664080579013687e-271,3,LINC00861,9
6.278120201720194e-271,1.4433591682000606,0.624,0.265,1.1881342481755466e-266,3,TXNIP,10
0,5.297677353321653,0.28,0.006,0,4,ADGRG3,1
0,3.962484563333584,0.488,0.032,0,4,B3GNT7,2
0,3.7606163839668616,0.473,0.036,0,4,GRAMD2B,3
0,3.1619825642621073,0.366,0.042,0,4,KRT86,4
0,3.131826655725456,0.331,0.036,0,4,LZTFL1,5
0,3.1268607668405375,0.547,0.055,0,4,SH2D1B,6
0,2.9677758016474343,0.275,0.034,0,4,GSN,7
0,2.922866781106257,0.547,0.073,0,4,LAT2,8
0,2.909896042730995,0.473,0.058,0,4,KLRC1,9
0,2.8577465225153706,0.915,0.117,0,4,FCER1G,10
0,3.9846270783476783,0.517,0.031,0,5,IL4I1,1
0,3.431230545042598,0.294,0.021,0,5,IL23R,2
0,3.2188115715862935,0.483,0.038,0,5,SLC4A10,3
0,3.15799885725308,0.321,0.03,0,5,CCL20,4
0,3.131428412484775,0.637,0.059,0,5,TRAV1-2,5
0,2.9577098796579424,0.708,0.081,0,5,CCR6,6
0,2.574143497579332,0.337,0.047,0,5,DPP4,7
0,2.394536773812682,0.461,0.078,0,5,FEZ1,8
0,2.0899044544388743,0.604,0.131,0,5,AQP3,9
0,1.9440630890723627,0.499,0.112,0,5,PBX4,10
0,0.7831753688407184,0.925,0.785,0,6,DUSP2,1
0,0.5471168218222249,0.973,0.937,0,6,BTG1,2
0,0.44161809243640615,0.998,0.992,0,6,HLA-A,3
0,0.36277766694503466,0.991,0.991,0,6,HLA-C,4
0,0.35312961967921197,1,0.999,0,6,B2M,5
0,0.34438867450702926,1,0.998,0,6,MALAT1,6
2e-323,0.33876120340392113,0.997,0.996,3.7401e-319,6,ACTB,7
6.963786272e-314,0.3637151486093524,0.992,0.991,1.3178965519729e-309,6,TMSB4X,8
3.2195634617401706e-302,0.5771183018796853,0.892,0.892,6.0930238513432725e-298,6,SARAF,9
1.1834628630692387e-298,0.7869085922047736,0.885,0.733,2.239703468358534e-294,6,CREM,10
3.476773866229288e-264,1.3592259847341932,0.825,0.409,6.579794541838927e-260,7,CEMIP2,1
5.421057759772873e-214,0.5639603630171708,0.99,0.883,1.0259351810370162e-209,7,PTPRC,2
2.214851717534423e-174,1.2292750081216022,0.722,0.374,4.1916068754338954e-170,7,PTPN22,3
3.9402174975729435e-166,1.2940472363136877,0.668,0.334,7.456861614156795e-162,7,RNF19A,4
1.9291382190238798e-154,1.0641374131209025,0.755,0.434,3.650894079502693e-150,7,SLC38A1,5
1.1131150601503468e-132,1.5468895572904091,0.425,0.159,2.1065702513345314e-128,7,DUSP4,6
4.5480706882849347e-128,1.137263702355176,0.653,0.355,8.607223777579239e-124,7,ITGA4,7
1.3491259937869093e-127,0.9346259911410413,0.78,0.501,2.5532209432417258e-123,7,SYTL3,8
2.3304485778809682e-119,0.8803595840199847,0.759,0.483,4.410373933639733e-115,7,TNFRSF1B,9
1.5361340559177615e-118,1.1198869788635355,0.637,0.353,2.9071337008243637e-114,7,RANBP2,10
0,3.3401523432466824,0.337,0.039,0,8,CD40LG,1
8.181046034245e-312,1.572036669260989,0.877,0.387,1.5482629619808425e-307,8,LTB,2
1.7426338742267633e-258,1.5166286237971907,0.812,0.314,3.2979346069741496e-254,8,IL7R,3
1.175749031844329e-241,1.6325208821141513,0.729,0.276,2.2251050427653928e-237,8,TXNIP,4
2.275533252725293e-186,0.9104674986707746,0.937,0.638,4.306446680782617e-182,8,CD52,5
1.6493561232942675e-136,1.8317900895819461,0.391,0.122,3.121406463334401e-132,8,SIT1,6
7.732258608358947e-134,0.5976075873580098,0.943,0.779,1.4633299416319306e-129,8,S100A4,7
2.311268248156101e-108,1.5600717560320936,0.443,0.181,4.374075159635421e-104,8,FLT3LG,8
7.688026459608441e-106,1.310468659558938,0.541,0.259,1.4549590074808976e-101,8,GIMAP4,9
1.019747994659506e-104,1.563278226077914,0.407,0.155,1.929873079893115e-100,8,AQP3,10
0,2.1414525677200844,0.82,0.29,0,9,FOSB,1
5.3704819125242376e-272,2.330869502199418,0.673,0.206,1.016363701945212e-267,9,HSPA1B,2
3.098913783924841e-240,1.5472588305173747,0.888,0.468,5.864694336077762e-236,9,FOS,3
2.2154897393505708e-222,1.1985981929871712,0.939,0.63,4.192814331720955e-218,9,DUSP1,4
1.3487342938712739e-218,1.6385774464662355,0.794,0.353,2.5524796511513857e-214,9,PPP1R15A,5
1.4403860672061094e-205,1.2809914817869092,0.9,0.617,2.725930632187562e-201,9,DNAJB1,6
6.531545296192858e-202,1.1038871087137379,0.909,0.656,1.2360949473044984e-197,9,DNAJA1,7
2.2237172924356012e-178,2.1303121008466754,0.535,0.176,4.2083849759343755e-174,9,NEU1,8
1.7434715931880618e-171,2.5663264452139427,0.377,0.088,3.2995199901084068e-167,9,EGR1,9
5.469425481714034e-165,1.2449536027160018,0.848,0.513,1.0350887724143809e-160,9,KLF6,10
