"Donor","Phase","CD8_State","n_cells","donor_total","proportion","percentage"
"D528848","NL","CD8_Activated",6,1582,0.00379266750948167,0.379266750948167
"D528848","NL","CD8_Immediate_Early_Stress",46,1582,0.0290771175726928,2.90771175726928
"D528848","NL","CD8_Memory_GPR183",358,1582,0.22629582806574,22.629582806574
"D528848","NL","CD8_Memory_P2RY8",30,1582,0.0189633375474083,1.89633375474083
"D528848","NL","CD8_Naive_Memory",9,1582,0.0056890012642225,0.56890012642225
"D528848","NL","CD8_PD1_Dysfunctional",31,1582,0.0195954487989886,1.95954487989886
"D528848","NL","Cytotoxic_GammaDelta_like",2,1582,0.00126422250316056,0.126422250316056
"D528848","NL","GammaDelta_IL7R",9,1582,0.0056890012642225,0.56890012642225
"D528848","NL","GammaDelta_NK_like_TRM",4,1582,0.00252844500632111,0.252844500632111
"D528848","NL","NK_like",1069,1582,0.675726927939317,67.5726927939317
"D528848","NL","NK_like_Nonconventional",13,1582,0.00821744627054362,0.821744627054361
"D528848","NL","Treg_like",5,1582,0.00316055625790139,0.316055625790139
"D529074","NL","CD8_Cytotoxic_Effector",1,1765,0.00056657223796034,0.056657223796034
"D529074","NL","CD8_Immediate_Early_Stress",16,1765,0.00906515580736544,0.906515580736544
"D529074","NL","CD8_Memory_GPR183",38,1765,0.0215297450424929,2.15297450424929
"D529074","NL","CD8_Memory_P2RY8",49,1765,0.0277620396600567,2.77620396600567
"D529074","NL","CD8_Naive_Memory",6,1765,0.00339943342776204,0.339943342776204
"D529074","NL","CD8_PD1_Dysfunctional",20,1765,0.0113314447592068,1.13314447592068
"D529074","NL","Cytotoxic_GammaDelta_like",1,1765,0.00056657223796034,0.056657223796034
"D529074","NL","GammaDelta_IL7R",4,1765,0.00226628895184136,0.226628895184136
"D529074","NL","GammaDelta_NK_like_TRM",2,1765,0.00113314447592068,0.113314447592068
"D529074","NL","Ig_Associated_Ambiguous",1598,1765,0.905382436260623,90.5382436260623
"D529074","NL","NK_like",14,1765,0.00793201133144476,0.793201133144476
"D529074","NL","NK_like_Nonconventional",6,1765,0.00339943342776204,0.339943342776204
"D529074","NL","Treg_like",10,1765,0.0056657223796034,0.56657223796034
"D529351","NL","CD8_Immediate_Early_Stress",20,40,0.5,50
"D529351","NL","CD8_Memory_GPR183",1,40,0.025,2.5
"D529351","NL","CD8_PD1_Dysfunctional",12,40,0.3,30
"D529351","NL","NK_like",7,40,0.175,17.5
"D529354","NL","CD8_Activated",1,1086,0.000920810313075506,0.0920810313075506
"D529354","NL","CD8_Immediate_Early_Stress",132,1086,0.121546961325967,12.1546961325967
"D529354","NL","CD8_Memory_GPR183",94,1086,0.0865561694290976,8.65561694290976
"D529354","NL","CD8_Memory_P2RY8",3,1086,0.00276243093922652,0.276243093922652
"D529354","NL","CD8_Naive_Memory",37,1086,0.0340699815837937,3.40699815837937
"D529354","NL","CD8_PD1_Dysfunctional",505,1086,0.465009208103131,46.5009208103131
"D529354","NL","Cytotoxic_GammaDelta_like",1,1086,0.000920810313075506,0.0920810313075506
"D529354","NL","GammaDelta_IL7R",7,1086,0.00644567219152855,0.644567219152855
"D529354","NL","GammaDelta_NK_like_TRM",18,1086,0.0165745856353591,1.65745856353591
"D529354","NL","GammaDelta_T_like",1,1086,0.000920810313075506,0.0920810313075506
"D529354","NL","Ig_Associated_Ambiguous",1,1086,0.000920810313075506,0.0920810313075506
"D529354","NL","NK_like",257,1086,0.236648250460405,23.6648250460405
"D529354","NL","NK_like_Nonconventional",3,1086,0.00276243093922652,0.276243093922652
"D529354","NL","Treg_like",26,1086,0.0239410681399632,2.39410681399632
"D529409","NL","CD8_Immediate_Early_Stress",32,866,0.0369515011547344,3.69515011547344
"D529409","NL","CD8_Memory_GPR183",56,866,0.0646651270207852,6.46651270207852
"D529409","NL","CD8_Naive_Memory",8,866,0.0092378752886836,0.92378752886836
"D529409","NL","CD8_PD1_Dysfunctional",585,866,0.675519630484988,67.5519630484988
"D529409","NL","Cytotoxic_GammaDelta_like",3,866,0.00346420323325635,0.346420323325635
"D529409","NL","GammaDelta_IL7R",5,866,0.00577367205542725,0.577367205542725
"D529409","NL","GammaDelta_NK_like_TRM",1,866,0.00115473441108545,0.115473441108545
"D529409","NL","Ig_Associated_Ambiguous",3,866,0.00346420323325635,0.346420323325635
"D529409","NL","NK_like",165,866,0.190531177829099,19.0531177829099
"D529409","NL","NK_like_Nonconventional",1,866,0.00115473441108545,0.115473441108545
"D529409","NL","Treg_like",7,866,0.00808314087759815,0.808314087759815
"Dhc570","NL","CD8_Cytotoxic_Effector",1,528,0.00189393939393939,0.189393939393939
"Dhc570","NL","CD8_Immediate_Early_Stress",175,528,0.331439393939394,33.1439393939394
"Dhc570","NL","CD8_Memory_GPR183",197,528,0.373106060606061,37.3106060606061
"Dhc570","NL","CD8_Memory_P2RY8",2,528,0.00378787878787879,0.378787878787879
"Dhc570","NL","CD8_Naive_Memory",22,528,0.0416666666666667,4.16666666666667
"Dhc570","NL","CD8_PD1_Dysfunctional",8,528,0.0151515151515152,1.51515151515152
"Dhc570","NL","Cytotoxic_GammaDelta_like",13,528,0.0246212121212121,2.46212121212121
"Dhc570","NL","GammaDelta_IL7R",31,528,0.0587121212121212,5.87121212121212
"Dhc570","NL","GammaDelta_NK_like_TRM",13,528,0.0246212121212121,2.46212121212121
"Dhc570","NL","GammaDelta_T_like",1,528,0.00189393939393939,0.189393939393939
"Dhc570","NL","NK_like",64,528,0.121212121212121,12.1212121212121
"Dhc570","NL","NK_like_Nonconventional",1,528,0.00189393939393939,0.189393939393939
"P190326","IT","CD8_Activated",12,200,0.06,6
"P190326","IT","CD8_Immediate_Early_Stress",35,200,0.175,17.5
"P190326","IT","CD8_Memory_GPR183",64,200,0.32,32
"P190326","IT","CD8_Naive_Memory",5,200,0.025,2.5
"P190326","IT","CD8_PD1_Dysfunctional",33,200,0.165,16.5
"P190326","IT","Cytotoxic_GammaDelta_like",4,200,0.02,2
"P190326","IT","GammaDelta_IL7R",16,200,0.08,8
"P190326","IT","NK_like",27,200,0.135,13.5
"P190326","IT","Treg_like",4,200,0.02,2
"P190402","IT","CD8_Activated",25,2087,0.0119789171058936,1.19789171058936
"P190402","IT","CD8_Cytotoxic_Effector",62,2087,0.0297077144226162,2.97077144226162
"P190402","IT","CD8_Immediate_Early_Stress",196,2087,0.093914710110206,9.3914710110206
"P190402","IT","CD8_Memory_GPR183",1163,2087,0.557259223766172,55.7259223766172
"P190402","IT","CD8_Memory_P2RY8",180,2087,0.0862482031624341,8.62482031624341
"P190402","IT","CD8_Naive_Memory",18,2087,0.00862482031624341,0.862482031624341
"P190402","IT","CD8_PD1_Dysfunctional",33,2087,0.0158121705797796,1.58121705797796
"P190402","IT","Cytotoxic_GammaDelta_like",8,2087,0.00383325347388596,0.383325347388596
"P190402","IT","GammaDelta_IL7R",21,2087,0.0100622903689506,1.00622903689506
"P190402","IT","GammaDelta_NK_like_TRM",6,2087,0.00287494010541447,0.287494010541447
"P190402","IT","NK_like",307,2087,0.147101102060374,14.7101102060374
"P190402","IT","NK_like_Nonconventional",22,2087,0.0105414470531864,1.05414470531864
"P190402","IT","Treg_like",46,2087,0.0220412074748443,2.20412074748443
"P190604","IT","CD8_Activated",28,758,0.0369393139841689,3.69393139841689
"P190604","IT","CD8_Cytotoxic_Effector",1,758,0.00131926121372032,0.131926121372032
"P190604","IT","CD8_Immediate_Early_Stress",55,758,0.0725593667546174,7.25593667546174
"P190604","IT","CD8_Memory_GPR183",407,758,0.536939313984169,53.6939313984169
"P190604","IT","CD8_Memory_P2RY8",19,758,0.025065963060686,2.5065963060686
"P190604","IT","CD8_Naive_Memory",25,758,0.0329815303430079,3.29815303430079
"P190604","IT","CD8_PD1_Dysfunctional",26,758,0.0343007915567282,3.43007915567282
"P190604","IT","Cytotoxic_GammaDelta_like",6,758,0.0079155672823219,0.79155672823219
"P190604","IT","GammaDelta_IL7R",43,758,0.0567282321899736,5.67282321899736
"P190604","IT","GammaDelta_NK_like_TRM",8,758,0.0105540897097625,1.05540897097625
"P190604","IT","NK_like",127,758,0.16754617414248,16.754617414248
"P190604","IT","Treg_like",13,758,0.0171503957783641,1.71503957783641
"P190716","AR","CD8_Activated",5,1698,0.00294464075382803,0.294464075382803
"P190716","AR","CD8_Cytotoxic_Effector",62,1698,0.0365135453474676,3.65135453474676
"P190716","AR","CD8_Immediate_Early_Stress",126,1698,0.0742049469964664,7.42049469964664
"P190716","AR","CD8_Memory_GPR183",933,1698,0.549469964664311,54.9469964664311
"P190716","AR","CD8_Memory_P2RY8",216,1698,0.127208480565371,12.7208480565371
"P190716","AR","CD8_Naive_Memory",17,1698,0.0100117785630153,1.00117785630153
"P190716","AR","CD8_PD1_Dysfunctional",77,1698,0.0453474676089517,4.53474676089517
"P190716","AR","Cytotoxic_GammaDelta_like",4,1698,0.00235571260306243,0.235571260306243
"P190716","AR","GammaDelta_IL7R",61,1698,0.035924617196702,3.5924617196702
"P190716","AR","GammaDelta_NK_like_TRM",4,1698,0.00235571260306243,0.235571260306243
"P190716","AR","GammaDelta_T_like",1,1698,0.000588928150765607,0.0588928150765607
"P190716","AR","NK_like",148,1698,0.0871613663133098,8.71613663133098
"P190716","AR","NK_like_Nonconventional",18,1698,0.0106007067137809,1.06007067137809
"P190716","AR","Treg_like",26,1698,0.0153121319199058,1.53121319199058
"P190719","IA","CD8_Immediate_Early_Stress",1,27,0.037037037037037,3.7037037037037
"P190719","IA","CD8_Naive_Memory",16,27,0.592592592592593,59.2592592592593
"P190719","IA","Cytotoxic_GammaDelta_like",9,27,0.333333333333333,33.3333333333333
"P190719","IA","GammaDelta_NK_like_TRM",1,27,0.037037037037037,3.7037037037037
"P190801","IA","CD8_Activated",594,2655,0.223728813559322,22.3728813559322
"P190801","IA","CD8_Cytotoxic_Effector",29,2655,0.0109227871939736,1.09227871939736
"P190801","IA","CD8_Immediate_Early_Stress",211,2655,0.0794726930320151,7.94726930320151
"P190801","IA","CD8_Memory_GPR183",1018,2655,0.383427495291902,38.3427495291902
"P190801","IA","CD8_Memory_P2RY8",97,2655,0.0365348399246704,3.65348399246704
"P190801","IA","CD8_Naive_Memory",61,2655,0.0229755178907721,2.29755178907721
"P190801","IA","CD8_PD1_Dysfunctional",156,2655,0.0587570621468927,5.87570621468927
"P190801","IA","Cytotoxic_GammaDelta_like",10,2655,0.00376647834274953,0.376647834274953
"P190801","IA","GammaDelta_IL7R",110,2655,0.0414312617702448,4.14312617702448
"P190801","IA","GammaDelta_NK_like_TRM",6,2655,0.00225988700564972,0.225988700564972
"P190801","IA","NK_like",316,2655,0.119020715630885,11.9020715630885
"P190801","IA","NK_like_Nonconventional",5,2655,0.00188323917137476,0.188323917137476
"P190801","IA","Treg_like",42,2655,0.015819209039548,1.5819209039548
"P190808","IT","CD8_Activated",51,1861,0.0274046211714132,2.74046211714132
"P190808","IT","CD8_Cytotoxic_Effector",16,1861,0.00859752821063944,0.859752821063944
"P190808","IT","CD8_Immediate_Early_Stress",185,1861,0.0994089199355185,9.94089199355185
"P190808","IT","CD8_Memory_GPR183",603,1861,0.324019344438474,32.4019344438474
"P190808","IT","CD8_Memory_P2RY8",71,1861,0.0381515314347125,3.81515314347125
"P190808","IT","CD8_Naive_Memory",28,1861,0.015045674368619,1.5045674368619
"P190808","IT","CD8_PD1_Dysfunctional",48,1861,0.0257925846319183,2.57925846319183
"P190808","IT","Cytotoxic_GammaDelta_like",16,1861,0.00859752821063944,0.859752821063944
"P190808","IT","GammaDelta_IL7R",26,1861,0.0139709833422891,1.39709833422891
"P190808","IT","GammaDelta_NK_like_TRM",18,1861,0.00967221923696937,0.967221923696937
"P190808","IT","GammaDelta_T_like",2,1861,0.00107469102632993,0.107469102632993
"P190808","IT","Ig_Associated_Ambiguous",3,1861,0.0016120365394949,0.16120365394949
"P190808","IT","NK_like",770,1861,0.413756045137023,41.3756045137023
"P190808","IT","NK_like_Nonconventional",5,1861,0.00268672756582483,0.268672756582483
"P190808","IT","Treg_like",19,1861,0.0102095647501343,1.02095647501343
"P190902","IT","CD8_Immediate_Early_Stress",2,23,0.0869565217391304,8.69565217391304
"P190902","IT","CD8_Memory_GPR183",7,23,0.304347826086957,30.4347826086957
"P190902","IT","CD8_PD1_Dysfunctional",14,23,0.608695652173913,60.8695652173913
"P190910","IT","CD8_Activated",46,1004,0.0458167330677291,4.58167330677291
"P190910","IT","CD8_Cytotoxic_Effector",47,1004,0.0468127490039841,4.68127490039841
"P190910","IT","CD8_Immediate_Early_Stress",80,1004,0.0796812749003984,7.96812749003984
"P190910","IT","CD8_Memory_GPR183",330,1004,0.328685258964143,32.8685258964143
"P190910","IT","CD8_Memory_P2RY8",215,1004,0.214143426294821,21.4143426294821
"P190910","IT","CD8_Naive_Memory",10,1004,0.0099601593625498,0.99601593625498
"P190910","IT","CD8_PD1_Dysfunctional",13,1004,0.0129482071713147,1.29482071713147
"P190910","IT","Cytotoxic_GammaDelta_like",3,1004,0.00298804780876494,0.298804780876494
"P190910","IT","GammaDelta_IL7R",46,1004,0.0458167330677291,4.58167330677291
"P190910","IT","GammaDelta_NK_like_TRM",2,1004,0.00199203187250996,0.199203187250996
"P190910","IT","GammaDelta_T_like",1,1004,0.00099601593625498,0.099601593625498
"P190910","IT","Ig_Associated_Ambiguous",5,1004,0.0049800796812749,0.49800796812749
"P190910","IT","NK_like",99,1004,0.098605577689243,9.8605577689243
"P190910","IT","NK_like_Nonconventional",94,1004,0.0936254980079681,9.36254980079681
"P190910","IT","Treg_like",13,1004,0.0129482071713147,1.29482071713147
"P190911","IA","CD8_Activated",2131,4772,0.446563285834032,44.6563285834032
"P190911","IA","CD8_Cytotoxic_Effector",49,4772,0.010268231349539,1.0268231349539
"P190911","IA","CD8_Immediate_Early_Stress",415,4772,0.0869656328583403,8.69656328583403
"P190911","IA","CD8_Memory_GPR183",985,4772,0.206412405699916,20.6412405699916
"P190911","IA","CD8_Memory_P2RY8",587,4772,0.12300922045264,12.300922045264
"P190911","IA","CD8_Naive_Memory",108,4772,0.0226320201173512,2.26320201173512
"P190911","IA","CD8_PD1_Dysfunctional",111,4772,0.0232606873428332,2.32606873428332
"P190911","IA","Cytotoxic_GammaDelta_like",9,4772,0.00188600167644593,0.188600167644593
"P190911","IA","GammaDelta_IL7R",45,4772,0.00943000838222967,0.943000838222967
"P190911","IA","GammaDelta_NK_like_TRM",5,4772,0.00104777870913663,0.104777870913663
"P190911","IA","GammaDelta_T_like",1,4772,0.000209555741827326,0.0209555741827326
"P190911","IA","NK_like",223,4772,0.0467309304274937,4.67309304274937
"P190911","IA","NK_like_Nonconventional",11,4772,0.00230511316010059,0.230511316010059
"P190911","IA","Treg_like",92,4772,0.019279128248114,1.9279128248114
"P191008","AR","CD8_Cytotoxic_Effector",2,6860,0.000291545189504373,0.0291545189504373
"P191008","AR","CD8_Immediate_Early_Stress",197,6860,0.0287172011661808,2.87172011661808
"P191008","AR","CD8_Naive_Memory",4694,6860,0.684256559766764,68.4256559766764
"P191008","AR","Cytotoxic_GammaDelta_like",569,6860,0.0829446064139942,8.29446064139942
"P191008","AR","GammaDelta_NK_like_TRM",631,6860,0.0919825072886297,9.19825072886297
"P191008","AR","GammaDelta_Nonconventional",762,6860,0.111078717201166,11.1078717201166
"P191008","AR","NK_like_Nonconventional",2,6860,0.000291545189504373,0.0291545189504373
"P191008","AR","Treg_like",3,6860,0.00043731778425656,0.043731778425656
"P191028","IA","CD8_Activated",79,5857,0.0134881338569233,1.34881338569233
"P191028","IA","CD8_Cytotoxic_Effector",61,5857,0.0104148881680041,1.04148881680041
"P191028","IA","CD8_Immediate_Early_Stress",329,5857,0.0561721017585795,5.61721017585795
"P191028","IA","CD8_Memory_GPR183",256,5857,0.0437083831312959,4.37083831312959
"P191028","IA","CD8_Memory_P2RY8",104,5857,0.017756530647089,1.7756530647089
"P191028","IA","CD8_Naive_Memory",25,5857,0.00426839679016561,0.426839679016561
"P191028","IA","CD8_PD1_Dysfunctional",3719,5857,0.634966706505037,63.4966706505037
"P191028","IA","Cytotoxic_GammaDelta_like",7,5857,0.00119515110124637,0.119515110124637
"P191028","IA","GammaDelta_IL7R",124,5857,0.0211712480792214,2.11712480792214
"P191028","IA","GammaDelta_NK_like_TRM",1,5857,0.000170735871606625,0.0170735871606625
"P191028","IA","Ig_Associated_Ambiguous",2,5857,0.000341471743213249,0.0341471743213249
"P191028","IA","NK_like",318,5857,0.0542940071709066,5.42940071709066
"P191028","IA","NK_like_Nonconventional",150,5857,0.0256103807409937,2.56103807409937
"P191028","IA","Treg_like",682,5857,0.116441864435718,11.6441864435718
"P191112","IA","CD8_Activated",66,2658,0.0248306997742664,2.48306997742664
"P191112","IA","CD8_Cytotoxic_Effector",45,2658,0.0169300225733634,1.69300225733634
"P191112","IA","CD8_Immediate_Early_Stress",363,2658,0.136568848758465,13.6568848758465
"P191112","IA","CD8_Memory_GPR183",852,2658,0.320541760722348,32.0541760722348
"P191112","IA","CD8_Memory_P2RY8",452,2658,0.170052671181339,17.0052671181339
"P191112","IA","CD8_Naive_Memory",81,2658,0.0304740406320542,3.04740406320542
"P191112","IA","CD8_PD1_Dysfunctional",57,2658,0.0214446952595937,2.14446952595937
"P191112","IA","Cytotoxic_GammaDelta_like",11,2658,0.00413844996237773,0.413844996237773
"P191112","IA","GammaDelta_IL7R",40,2658,0.0150489089541008,1.50489089541008
"P191112","IA","GammaDelta_NK_like_TRM",27,2658,0.0101580135440181,1.01580135440181
"P191112","IA","GammaDelta_T_like",2,2658,0.000752445447705041,0.0752445447705041
"P191112","IA","NK_like",627,2658,0.23589164785553,23.589164785553
"P191112","IA","NK_like_Nonconventional",18,2658,0.00677200902934537,0.677200902934537
"P191112","IA","Treg_like",17,2658,0.00639578630549285,0.639578630549285
"P191126","AC","CD8_Activated",6,1179,0.00508905852417303,0.508905852417303
"P191126","AC","CD8_Cytotoxic_Effector",47,1179,0.0398642917726887,3.98642917726887
"P191126","AC","CD8_Immediate_Early_Stress",91,1179,0.0771840542832909,7.71840542832909
"P191126","AC","CD8_Memory_GPR183",429,1179,0.363867684478371,36.3867684478371
"P191126","AC","CD8_Memory_P2RY8",168,1179,0.142493638676845,14.2493638676845
"P191126","AC","CD8_Naive_Memory",22,1179,0.0186598812553011,1.86598812553011
"P191126","AC","CD8_PD1_Dysfunctional",23,1179,0.0195080576759966,1.95080576759966
"P191126","AC","Cytotoxic_GammaDelta_like",6,1179,0.00508905852417303,0.508905852417303
"P191126","AC","GammaDelta_IL7R",23,1179,0.0195080576759966,1.95080576759966
"P191126","AC","GammaDelta_NK_like_TRM",15,1179,0.0127226463104326,1.27226463104326
"P191126","AC","GammaDelta_T_like",35,1179,0.0296861747243427,2.96861747243427
"P191126","AC","NK_like",279,1179,0.236641221374046,23.6641221374046
"P191126","AC","NK_like_Nonconventional",27,1179,0.0229007633587786,2.29007633587786
"P191126","AC","Treg_like",8,1179,0.00678541136556404,0.678541136556404
"P191127","AC","CD8_Activated",10,3092,0.00323415265200517,0.323415265200517
"P191127","AC","CD8_Cytotoxic_Effector",23,3092,0.0074385510996119,0.74385510996119
"P191127","AC","CD8_Immediate_Early_Stress",140,3092,0.0452781371280724,4.52781371280724
"P191127","AC","CD8_Memory_GPR183",774,3092,0.250323415265201,25.0323415265201
"P191127","AC","CD8_Memory_P2RY8",153,3092,0.0494825355756792,4.94825355756792
"P191127","AC","CD8_Naive_Memory",32,3092,0.0103492884864166,1.03492884864166
"P191127","AC","CD8_PD1_Dysfunctional",49,3092,0.0158473479948254,1.58473479948254
"P191127","AC","Cytotoxic_GammaDelta_like",8,3092,0.00258732212160414,0.258732212160414
"P191127","AC","GammaDelta_IL7R",12,3092,0.00388098318240621,0.388098318240621
"P191127","AC","GammaDelta_NK_like_TRM",2,3092,0.000646830530401035,0.0646830530401035
"P191127","AC","GammaDelta_T_like",1660,3092,0.536869340232859,53.6869340232859
"P191127","AC","NK_like",203,3092,0.065653298835705,6.5653298835705
"P191127","AC","NK_like_Nonconventional",15,3092,0.00485122897800776,0.485122897800776
"P191127","AC","Treg_like",11,3092,0.00355756791720569,0.355756791720569
"P191210","AC","CD8_Cytotoxic_Effector",1,1399,0.000714796283059328,0.0714796283059328
"P191210","AC","CD8_Immediate_Early_Stress",38,1399,0.0271622587562545,2.71622587562545
"P191210","AC","CD8_Naive_Memory",936,1399,0.669049320943531,66.9049320943531
"P191210","AC","Cytotoxic_GammaDelta_like",208,1399,0.14867762687634,14.867762687634
"P191210","AC","GammaDelta_NK_like_TRM",210,1399,0.150107219442459,15.0107219442459
"P191210","AC","NK_like_Nonconventional",6,1399,0.00428877769835597,0.428877769835597
"P191217","AR","CD8_Activated",97,2232,0.0434587813620072,4.34587813620072
"P191217","AR","CD8_Cytotoxic_Effector",33,2232,0.0147849462365591,1.47849462365591
"P191217","AR","CD8_Immediate_Early_Stress",118,2232,0.0528673835125448,5.28673835125448
"P191217","AR","CD8_Memory_GPR183",1092,2232,0.489247311827957,48.9247311827957
"P191217","AR","CD8_Memory_P2RY8",478,2232,0.21415770609319,21.415770609319
"P191217","AR","CD8_Naive_Memory",60,2232,0.0268817204301075,2.68817204301075
"P191217","AR","CD8_PD1_Dysfunctional",77,2232,0.0344982078853047,3.44982078853047
"P191217","AR","Cytotoxic_GammaDelta_like",20,2232,0.00896057347670251,0.896057347670251
"P191217","AR","GammaDelta_IL7R",27,2232,0.0120967741935484,1.20967741935484
"P191217","AR","GammaDelta_NK_like_TRM",1,2232,0.000448028673835125,0.0448028673835125
"P191217","AR","NK_like",97,2232,0.0434587813620072,4.34587813620072
"P191217","AR","NK_like_Nonconventional",9,2232,0.00403225806451613,0.403225806451613
"P191217","AR","Treg_like",123,2232,0.0551075268817204,5.51075268817204
