"Gene","Category"
"HSPA1A","Stress_Immediate_Early"
"TRBV7-2","TCR"
"CCL4","Other"
"TRBV4-1","TCR"
"CXCR4","Other"
"GNLY","Other"
"TRBV12-5","TCR"
"CCL2","Other"
"TRBV4-2","TCR"
"CGA","Other"
"TRBV5-1","TCR"
"TRBV10-3","TCR"
"TRBV7-9","TCR"
"TRBV12-3","TCR"
"TRBV20-1","TCR"
"TRBV3-1","TCR"
"FOS","Stress_Immediate_Early"
"TRBV10-2","TCR"
"TRBV13","TCR"
"CREM","Other"
"TRBV11-2","TCR"
"TRBV7-3","TCR"
"TRBV12-4","TCR"
"TRBV9","TCR"
"TRBV29-1","TCR"
"TRBV6-6","TCR"
"TRBV11-1","TCR"
"HSPA1B","Stress_Immediate_Early"
"TRBV7-6","TCR"
"TRBV28","TCR"
"TRBV16","TCR"
"TRBV6-5","TCR"
"IL17A","Other"
"TRBV6-7","TCR"
"TRBV14","TCR"
"TRBV24-1","TCR"
"TRBV6-1","TCR"
"TRBV6-2","TCR"
"TRBV2","TCR"
"TRBV30","TCR"
"TRBV5-5","TCR"
"ZFP36","Other"
"TRBV27","TCR"
"TRBV5-4","TCR"
"TRBV19","TCR"
"HSPA6","Other"
"RGCC","Other"
"TRAV38-2DV8","TCR"
"TRBV15","TCR"
"ANXA1","Other"
"TRBV25-1","TCR"
"TRDV2","TCR"
"TRBV5-6","TCR"
"DUSP2","Stress_Immediate_Early"
"CCL4L2","Other"
"JUNB","Stress_Immediate_Early"
"TRAV21","TCR"
"CRIP1","Other"
"TRBV18","TCR"
"DNAJB1","Other"
"GZMK","Other"
"ORM1","Other"
"KLRB1","Other"
"TRBV10-1","TCR"
"TRAV12-2","TCR"
"DUSP1","Stress_Immediate_Early"
"TRAV20","TCR"
"DHRS9","Other"
"TRBV12-2","TCR"
"IL7R","Other"
"XCL1","Other"
"JUN","Stress_Immediate_Early"
"CD8A","Other"
"NR4A2","Other"
"TPSAB1","Other"
"VIM","Other"
"TPSB2","Other"
"IGLV10-54","Immunoglobulin"
"TUBA4A","Other"
"TRAV29DV5","TCR"
"NEGR1","Stress_Immediate_Early"
"TRAV3","TCR"
"IL3","Other"
"IGHV2-26","Immunoglobulin"
"ZFP36L2","Other"
"TRDV1","TCR"
"GZMH","Other"
"TRAV17","TCR"
"TRAV30","TCR"
"TRAV14DV4","TCR"
"TRAV12-3","TCR"
"RHEX","Other"
"CD52","Other"
"TRAV19","TCR"
"TRBV6-8","TCR"
"MYADM","Other"
"TYROBP","Other"
"GZMB","Other"
"CXCL10","Other"
"TNFAIP3","Other"
"CD177","Other"
"TRAV1-1","TCR"
"TSC22D3","Other"
"TRAV8-4","TCR"
"FOSB","Stress_Immediate_Early"
"TRAV10","TCR"
"CCL20","Other"
"TRBV7-7","TCR"
"GLT8D2","Other"
"TRAV38-1","TCR"
"TRAV12-1","TCR"
"RGS1","Other"
"S100A4","Other"
"TRAV13-1","TCR"
"AC107241.1","Other"
"IFITM2","Other"
"CD69","Other"
"NUDT12","Other"
"CPA3","Other"
"LINC00494","Other"
"TRDV3","TCR"
"TRBV6-4","TCR"
"PPP1R2C","Other"
"KLF2","Other"
"TRAV5","TCR"
"AC114730.3","Other"
"IL22","Other"
"XCL2","Other"
"CCDC110","Other"
"LMNA","Other"
"KLF6","Other"
"TRAV13-2","TCR"
"TRBV7-5","TCR"
"PMCH","Other"
"ZNF331","Other"
"FOXP3","Other"
"TRGV9","TCR"
"DUSP4","Other"
"ITGA8","Other"
"EZR","Other"
"TRAV26-2","TCR"
"RBPMS2","Other"
"TRAV23DV6","TCR"
"TRBV11-3","TCR"
"AC027607.1","Other"
"PIK3R1","Other"
"FGFBP2","Other"
"TRAV26-1","TCR"
"TRAV34","TCR"
"DNAJA1","Other"
"TRBV21-1","TCR"
"TRAV27","TCR"
"HBB","Other"
"YPEL5","Other"
"PCDHGB1","Other"
"CD180","Other"
"ESRP2","Other"
"AL358472.3","Other"
"CCR8","Other"
"CTSW","Other"
"SAT1","Other"
"AC254562.3","Other"
"TRAV6","TCR"
"HDC","Other"
"HLA-DRB1","Other"
"ZNF521","Other"
"CD7","Other"
"CELF4","Other"
"TRAV9-2","TCR"
"MYO16","Other"
"LINC01727","Other"
"DIRAS3","Other"
"TRAV22","TCR"
"TRAV24","TCR"
"TRAV8-6","TCR"
"LDHA","Other"
"AC008764.4","Other"
"IGLVI-70","Immunoglobulin"
"PTGDS","Other"
"HSPE1","Other"
"AC133919.2","Other"
"AC093535.1","Other"
"CD163","Other"
"AL138995.1","Other"
"AC011455.1","Other"
"TRAV1-2","TCR"
"MT2A","Other"
"AF106564.1","Other"
"TNF","Other"
"DDIT4","Other"
"ARHGAP24","Other"
"NKG7","Other"
"Z82243.1","Other"
"TLR10","Other"
"CXCL13","Other"
"TRAV8-1","TCR"
"PNMT","Other"
"AL158834.2","Other"
"LITAF","Other"
"FCN3","Other"
"LINC02099","Other"
"IL13","Other"
"VCAM1","Other"
"IFNG","Other"
"HBA2","Other"
"KIT","Other"
"RETN","Other"
"AL034345.2","Other"
"SLC2A3","Other"
"PTGIR","Other"
"FAM177A1","Other"
"PTGS2","Other"
"AC016590.3","Other"
"ADAM23","Other"
"TXNIP","Other"
"TRAV25","TCR"
"IGHV1-69-2","Immunoglobulin"
"CCDC87","Other"
"LINC02446","Other"
"EGR1","Stress_Immediate_Early"
"HSPD1","Other"
"FCER1G","Other"
"ZFP36L1","Other"
"OR56B1","Other"
"DUSP5","Other"
"AC068870.2","Other"
"MT1H","Other"
"SIGLEC6","Other"
"TAGLN2","Other"
"CCL3","Other"
"SELENBP1","Other"
"AREG","Other"
"GPX2","Other"
"MCL1","Other"
"HP","Other"
"COBLL1","Other"
"HLA-DRA","Other"
"ZNF860","Other"
"SYT14","Other"
"PRG4","Other"
"SOX4","Other"
"IGLV8-61","Immunoglobulin"
"HSPH1","Other"
"AC097359.3","Other"
"GEM","Other"
"CSF2","Other"
"AHSP","Other"
"TRBC1","Other"
"CLEC17A","Other"
"KRT23","Other"
"LTB","Other"
"FAM114A1","Other"
"AC022087.1","Other"
"GPR183","Other"
"AL138831.2","Other"
"TRAV35","TCR"
"NKD2","Other"
"FOXD4L1","Other"
"AC005730.2","Other"
"CR1","Other"
"TRAV4","TCR"
"STRC","Other"
"TRBC2","Other"
"AC125494.2","Other"
"C9orf153","Other"
"AC105411.1","Other"
"AL391335.1","Other"
"FAM129C","Other"
"AL449106.1","Other"
"HIST1H4C","Other"
"TRAV8-2","TCR"
"AC092794.1","Other"
"CDCP1","Other"
"AMPD1","Other"
"SPIB","Other"
"HSP90AA1","Other"
"HSPA5","Other"
"CD8B","Other"
"AC083829.2","Other"
"TRAV2","TCR"
"CMC1","Other"
"STARD8","Other"
"HMGA2","Other"
"PAX5","Other"
"COTL1","Other"
"ITM2A","Other"
"HSP90AB1","Other"
"TRAV16","TCR"
"IDO1","Other"
"NRP2","Other"
"IL21","Other"
"NFKBIA","Other"
"LGALS1","Other"
"DUSP26","Stress_Immediate_Early"
"CASC15","Other"
"AC091152.2","Other"
"TRAV41","TCR"
"IGHV3-73","Immunoglobulin"
"GATA2","Other"
"TRGV8","TCR"
"KLRC1","Other"
"ALOX5AP","Other"
"LRG1","Other"
"TRDC","Other"
"VNN3","Other"
"SYTL3","Other"
"GADD45B","Other"
"CEMIP2","Other"
"AC005899.5","Other"
"AL359851.1","Other"
"NPTX2","Other"
"RND2","Other"
"IGHV3-11","Immunoglobulin"
"LINC00519","Other"
"ADGRG3","Other"
"TRGV10","TCR"
"DPEP1","Other"
"CRTAM","Other"
"AC068831.7","Other"
"CXXC5-AS1","Other"
"S100B","Other"
"GPR61","Other"
"IGLV3-19","Immunoglobulin"
"SAA1","Other"
"TNFRSF9","Other"
"CD300LB","Other"
"KCNJ15","Other"
"ZRANB2-AS1","Other"
"AC018462.1","Other"
"TENT5C","Other"
"AC008676.1","Other"
"DLGAP1","Other"
"ATF3","Other"
"HBA1","Other"
"CEBPD","Other"
"AL603910.1","Other"
"TNFRSF4","Other"
"TMEM225B","Other"
"ATP1B3","Other"
"TRAV36DV7","TCR"
"FTH1","Other"
"KLRD1","Other"
"ALDH3A1","Other"
"MITF","Other"
"TRGV2","TCR"
"IL1RL1","Other"
"FCRL2","Other"
"C2CD4A","Other"
"C5orf58","Other"
"CCL18","Other"
"CCR6","Other"
"IGHV3-66","Immunoglobulin"
"IGLV9-49","Immunoglobulin"
"COBL","Other"
"MARC2","Other"
"AL589765.5","Other"
"IGHA1","Immunoglobulin"
"TNFRSF13B","Other"
"P2RY13","Other"
"CD276","Other"
"BTG1","Other"
"HOMER3","Other"
"IER2","Stress_Immediate_Early"
"GZMA","Other"
"CDH26","Other"
"IL10","Other"
"LINC00562","Other"
"TGFB1","Other"
"HOXA5","Other"
"AC087203.3","Other"
"AC245128.3","Other"
"MMP21","Other"
"CR2","Other"
"CXCR6","Other"
"DNASE1L3","Other"
"ZC3H12B","Other"
"ADGRE5","Other"
"AC008280.3","Other"
"AC010319.3","Other"
"REL","Other"
"CSF2RB","Other"
"GNG8","Other"
"LINC00563","Other"
"IRF1","Other"
"AL158850.1","Other"
"FGL1","Other"
"CPED1","Other"
"FCGR3A","Other"
"MYOM2","Other"
"TUBB4B","Other"
"STAT1","Other"
"DMRTC1B","Other"
"AL357153.1","Other"
"SELENOK","Other"
"EBF1","Other"
"BEND6","Other"
"CCR7","Other"
"TRGV3","TCR"
"IGFL2","Other"
"HLA-DQA1","Other"
"SLC4A10","Other"
"TAGAP","Other"
"AC097461.1","Other"
"TAS2R19","Other"
"CUEDC1","Other"
"PPP1R15A","Other"
"VPS37B","Other"
"AC022306.2","Other"
"FSD2","Other"
"AC092118.2","Other"
"DCAF4L1","Other"
"RXRG","Other"
"TRGV4","TCR"
"CPE","Other"
"AC090559.1","Other"
"TRAV8-5","TCR"
"ZNF683","Other"
"CLEC12B","Other"
"FCER1A","Other"
"TRH","Other"
"AC004832.6","Other"
"LINC02389","Other"
"LAYN","Other"
"ANGPTL4","Other"
"IGHV4-34","Immunoglobulin"
"TRAV9-1","TCR"
"RNF19A","Other"
"COCH","Other"
"AC020931.1","Other"
"TRBV23-1","TCR"
"IGLV1-47","Immunoglobulin"
"AC002553.2","Other"
"TSPYL2","Other"
"C19orf33","Other"
"AC068987.5","Other"
"OSBPL6","Other"
"FRAS1","Other"
"AC104129.1","Other"
"LIPN","Other"
"NR4A1","Other"
"IGLV2-8","Immunoglobulin"
"PTGR1","Other"
"THBS1","Other"
"FCRL5","Other"
"SERPINE1","Other"
"KHDRBS2","Other"
"PRF1","Other"
"TRAV40","TCR"
"AP001056.2","Other"
"RBP7","Other"
"AC009560.1","Other"
"CD22","Other"
"GPRC5A","Other"
"AC106882.1","Other"
"DNAH8","Other"
"KAZN","Other"
"HAAO","Other"
"CCL3L1","Other"
"GRPEL2-AS1","Other"
"AL591848.3","Other"
"CD79A","Other"
"REEP1","Other"
"STX1B","Other"
"AC005253.2","Other"
"AC245884.8","Other"
"AL008719.1","Other"
"SELL","Other"
"OR52N4","Other"
"PDCD1","Other"
"S100A10","Other"
"GNG3","Other"
"TRAJ28","TCR"
"HES1","Other"
"THY1","Other"
"LINC01484","Other"
"AC245884.10","Other"
"PTGDR2","Other"
"HES4","Other"
"TRAV8-3","TCR"
"ID2","Other"
"TCL1A","Other"
"AC010336.1","Other"
"IFNGR1","Other"
"BHLHE41","Other"
"IGKV1D-8","Immunoglobulin"
"LINC00578","Other"
"AL583839.1","Other"
"WDFY4","Other"
"BCAS1","Other"
"AC116447.1","Other"
"NEAT1","Other"
"UBE2S","Other"
"NR3C1","Other"
"H2AFZ","Other"
"CPVL","Other"
"IL23R","Other"
"FANK1","Other"
"TBC1D9","Other"
"RAMP2","Other"
"ICOS","Other"
"LINC00926","Other"
"PDE8B","Other"
"AC093752.2","Other"
"LINC00638","Other"
"S100A6","Other"
"AL121845.1","Other"
"TIMP3","Other"
"TRGV5","TCR"
"WDFY3","Other"
"BTG2","Other"
"CX3CR1","Other"
"FAM153C","Other"
"LINC00332","Other"
"NSUN7","Other"
"HRASLS5","Other"
"LINC02042","Other"
"GIMAP7","Other"
"AC009802.1","Other"
"MIF-AS1","Other"
"AC233755.1","Other"
"TRAV39","TCR"
"AL359715.2","Other"
"LEPROTL1","Other"
"AC126118.1","Other"
"COL19A1","Other"
"BICDL2","Other"
"RDH5","Other"
"AC068580.4","Other"
"AC123912.4","Other"
"SH2D2A","Other"
"AC141586.3","Other"
"MEF2C-AS1","Other"
"CTLA4","Other"
"GLP1R","Other"
"GBP5","Other"
"PACSIN3","Other"
"ENC1","Other"
"TRAJ17","TCR"
"NEU1","Other"
"AC012377.1","Other"
"SDCBP","Other"
"RARRES3","Other"
"MEIKIN","Other"
"NR4A3","Other"
"CITED2","Other"
"AC007014.1","Other"
"FGG","Other"
"NNMT","Other"
"COL4A4","Other"
"FTL","Other"
"IGKV3-11","Immunoglobulin"
"IGHV1-18","Immunoglobulin"
"H1FX","Other"
"CD74","Other"
"ADAM12","Other"
"AC015813.2","Other"
"AC090844.2","Other"
"CHST13","Other"
"RGS2","Other"
"CD40LG","Other"
"AL358075.2","Other"
"KLF4","Other"
"IGHV5-51","Immunoglobulin"
"DIAPH2-AS1","Other"
"FN1","Other"
"TGM5","Other"
"RRAD","Other"
"KRT86","Other"
"FGB","Other"
"ID3","Other"
"CLEC2B","Other"
"ZNF114","Other"
"MT-ATP6","Mitochondrial"
"SLC25A27","Other"
"CD2","Other"
"IGLV7-43","Immunoglobulin"
"ISG20","Other"
"TRAJ32","TCR"
"CYP2J2","Other"
"SDK2","Other"
"TRGV11","TCR"
"CD27","Other"
"IL2","Other"
"TFPI","Other"
"AC011337.1","Other"
"RASIP1","Other"
"TPH1","Other"
"CD1D","Other"
"GRAMD2B","Other"
"BLNK","Other"
"AL035461.2","Other"
"KREMEN2","Other"
"TREML2","Other"
"MME","Other"
"AL359317.2","Other"
"IL2RA","Other"
"SLC8A1","Other"
"CYP7B1","Other"
"AL592430.1","Other"
"NTN5","Other"
"TUBA1A","Other"
"BCL11A","Other"
"AL445685.1","Other"
"CD19","Other"
"AC011825.2","Other"
"IGKV1D-16","Immunoglobulin"
"AC132872.3","Other"
"AL606763.1","Other"
"IGHV4-59","Immunoglobulin"
"AC073263.2","Other"
"AL929472.3","Other"
"BTK","Other"
"BIRC3","Other"
"IL1R2","Other"
"AC009549.1","Other"
"YBX3","Other"
"AC093157.2","Other"
"TAS2R10","Other"
"STEAP1","Other"
"AF129408.1","Other"
"F5","Other"
"LILRB2","Other"
"DYNLL1","Other"
"AC019131.2","Other"
"TCF4","Other"
"SPOCK2","Other"
"ENKUR","Other"
"CEACAM4","Other"
"AL445363.2","Other"
"LINC01864","Other"
"CD83","Other"
"SRSF7","Other"
"TSSK6","Other"
"CTSL","Other"
"PDE4B","Other"
"GRIN2D","Other"
"AC026412.3","Other"
"AC090921.1","Other"
"IGF2BP2","Other"
"S1PR3","Other"
"AQP10","Other"
"LINC01825","Other"
"IGHV3-7","Immunoglobulin"
"LINC01725","Other"
"SCIMP","Other"
"LMNB1-DT","Other"
"AC004895.1","Other"
"FGA","Other"
"RTKN2","Other"
"AL020998.1","Other"
"AKR1E2","Other"
"RNF17","Other"
"AC104452.1","Other"
"GLI3","Other"
"SFPQ","Other"
"PFKFB1","Other"
"EGOT","Other"
"AL592494.3","Other"
"LGR4","Other"
"PTPRD","Other"
"VN1R1","Other"
"AC016745.2","Other"
"LINC00861","Other"
"TRGV7","TCR"
"MYH10","Other"
"AL583722.2","Other"
"CHGB","Other"
"SRSF2","Other"
"RFTN2","Other"
"AC074050.4","Other"
"DOK7","Other"
"AC004771.1","Other"
"ZPBP2","Other"
"SSPN","Other"
"OVGP1","Other"
"AC067838.1","Other"
"FAM177B","Other"
"KIR3DL1","Other"
"AL162377.3","Other"
"AMPH","Other"
"SLC4A3","Other"
"MMP19","Other"
"SCRG1","Other"
"GOLGA8Q","Other"
"PI16","Other"
"AL139125.1","Other"
"IGHM","Immunoglobulin"
"AC021205.3","Other"
"LINC02470","Other"
"NPTX1","Other"
"AL035420.3","Other"
"TMPRSS9","Other"
"GIMAP4","Other"
"IGHV4-61","Immunoglobulin"
"OR3A2","Other"
"KIR3DL2","Other"
"AC009686.2","Other"
"MT1E","Other"
"CD55","Other"
"AL590708.1","Other"
"AARD","Other"
"S100A8","Other"
"AC073957.3","Other"
"AC127537.1","Other"
"HOXA11-AS","Other"
"AC004067.1","Other"
"IGKV3-20","Immunoglobulin"
"ENTPD1","Other"
"AC090186.1","Other"
"ACTG2","Other"
"AC087623.4","Other"
"CD33","Other"
"FPGT-TNNI3K","Other"
"VWA8-AS1","Other"
"AC098934.4","Other"
"AL355987.3","Other"
"KIR2DL3","Other"
"MIR3945HG","Other"
"HEMGN","Other"
"AFF2","Other"
"RANBP17","Other"
"PLA2G4A","Other"
"AC034102.4","Other"
"EMP3","Other"
"LRRC32","Other"
"CD4","Other"
"AC093591.2","Other"
"C1QC","Other"
"CACNB2","Other"
"AC023794.3","Other"
"PRMT9","Other"
"ANKRD60","Other"
"KCNN3","Other"
"AC017002.3","Other"
"AL049840.2","Other"
"AC084876.1","Other"
"CALR","Other"
"AC005082.1","Other"
"AC004982.1","Other"
"HOPX","Other"
"HAP1","Other"
"LINC01132","Other"
"LINC00310","Other"
"NOXRED1","Other"
"TNFRSF11A","Other"
"TKTL1","Other"
"AC080013.1","Other"
"CFAP97D2","Other"
"CLEC4E","Other"
"S100A11","Other"
"AC011374.2","Other"
"AL442128.2","Other"
"SYT1","Other"
"ISG15","Other"
"B3GALT2","Other"
"LINC02288","Other"
"CIRBP-AS1","Other"
"MRC1","Other"
"TNFRSF1B","Other"
"MGST1","Other"
"ZDHHC15","Other"
"IL1R1","Other"
"AC112484.3","Other"
"CST3","Other"
"ASAP3","Other"
"AC008764.2","Other"
"PHLDA1","Other"
"IFI27","Other"
"AC104984.3","Other"
"TUBA1B","Cell_Cycle"
"BCO2","Other"
"TLR4","Other"
"CCR2","Other"
"MT-ND6","Mitochondrial"
"COL4A3","Other"
"IGHG1","Immunoglobulin"
"CCR4","Other"
"SAMSN1","Other"
"AC009093.6","Other"
"ACKR4","Other"
"ADAMTS3","Other"
"SLA","Other"
"HAVCR2","Other"
"ELF1","Other"
"BAG3","Other"
"SLC35G5","Other"
"IGHV3-74","Immunoglobulin"
"IGLV1-36","Immunoglobulin"
"IGHV7-4-1","Immunoglobulin"
"IRF4","Other"
"IGLV5-52","Immunoglobulin"
"AC243830.1","Other"
"LINC02298","Other"
"PTPRG","Other"
"FAM160A1-DT","Other"
"AL024508.1","Other"
"GPR161","Other"
"IGHV3-23","Immunoglobulin"
"AC026369.3","Other"
"AC106886.3","Other"
"IGLV5-45","Immunoglobulin"
"ARL4D","Other"
"CA3-AS1","Other"
"PDCD4","Other"
"IER3","Other"
"AC005696.1","Other"
"AC073283.1","Other"
"KLRF1","Other"
"CD38","Other"
"FOXB1","Other"
"IGLV4-69","Immunoglobulin"
"MT-ND4","Mitochondrial"
"C5AR2","Other"
"SOX18","Other"
"EPHB1","Other"
"DEPP1","Other"
"TNFRSF18","Other"
"AC005041.1","Other"
"TNNT3","Other"
"ZNF843","Other"
"AC026150.1","Other"
"AL022322.2","Other"
"AC008750.1","Other"
"C12orf57","Other"
"HPGD","Other"
"ARMC2-AS1","Other"
"PRR33","Other"
"IGLC2","Immunoglobulin"
"AC034198.2","Other"
"ZNF629","Other"
"AC004801.6","Other"
"RHOB","Other"
"RAB26","Other"
"SGK1","Other"
"IGLV3-27","Immunoglobulin"
"FXYD2","Other"
"AC006157.1","Other"
"SNX9","Other"
"GJB6","Other"
"KIR2DL1","Other"
"SYNE4","Other"
"LCP1","Other"
"KLB","Other"
"AL136373.1","Other"
"ANKRD18A","Other"
"ARC","Other"
"AL365226.1","Other"
"TIGIT","Other"
"PRSS35","Other"
"GK","Other"
"CELSR1","Other"
"LINC02397","Other"
"GPR25","Other"
"PDE3B","Other"
"LRMDA","Other"
"AC093835.1","Other"
"LIMD2","Other"
"AC009148.1","Other"
"AL365226.2","Other"
"AC127024.5","Other"
"AL137784.2","Other"
"AC105180.1","Other"
"KLK14","Other"
"AL360182.2","Other"
"PPIAL4C","Other"
"CNRIP1","Other"
"UGGT2","Other"
"LPAR3","Other"
"AL356215.1","Other"
"PABPC1","Other"
"SATB1","Other"
"CRYGS","Other"
"ADAMTS1","Other"
"RBKS","Other"
"MT1G","Other"
"KLK1","Other"
"AHNAK","Other"
"RGS7BP","Other"
"AC090515.2","Other"
"BRD2","Other"
"LINC00309","Other"
"BLK","Other"
"AL157938.3","Other"
"PRSS23","Other"
"IGLV1-51","Immunoglobulin"
"IGKV1-9","Immunoglobulin"
"CLEC7A","Other"
"COL9A3","Other"
"DMD","Other"
"SYCE3","Other"
"AC108134.2","Other"
"SH2D1B","Other"
"TAS2R4","Other"
"MKRN3","Other"
"SLC12A5-AS1","Other"
"NFKBIZ","Other"
"NPIPB9","Other"
"SRRT","Other"
"LINC01918","Other"
"RBM47","Other"
"ADH1C","Other"
"LINGO2","Other"
"HIST1H1E","Other"
"TGM2","Other"
"CLIC3","Other"
"EVL","Other"
"TRAJ37","TCR"
"PSMD6-AS1","Other"
"CDC20B","Other"
"SERPINA1","Other"
"CXCL2","Other"
"LINC02202","Other"
"AC034229.4","Other"
"GLIPR1L1","Other"
"TRAJ40","TCR"
"MYC","Other"
"AL133353.1","Other"
"FABP5","Other"
"AC079793.1","Other"
"RBP4","Other"
"AL512770.1","Other"
"AC084809.1","Other"
"AL008635.1","Other"
"AC093726.2","Other"
"CCR9","Other"
"KIF17","Other"
"FFAR2","Other"
"KLRC3","Other"
"VTN","Other"
"CRYBB2","Other"
"C19orf81","Other"
"PLEKHH3","Other"
"AC105345.1","Other"
"ITGA4","Other"
"ATP5MC2","Other"
"CTAGE4","Other"
"AC108471.2","Other"
"IGKV3-15","Immunoglobulin"
"HLF","Other"
"PPDPF","Other"
"AL732292.2","Other"
"AC098828.2","Other"
"FBLN7","Other"
"B3GNT7","Other"
"IGHA2","Immunoglobulin"
"LAIR2","Other"
"BCL2L14","Other"
"SLC7A5","Other"
"LINC01871","Other"
"KLRG1","Other"
"IGHV2-5","Immunoglobulin"
"AL355574.1","Other"
"DGKK","Other"
"CCER2","Other"
"AC016205.1","Other"
"ZBED3-AS1","Other"
"AL359541.1","Other"
"AC104532.2","Other"
"FOSL2","Stress_Immediate_Early"
"FTCD","Other"
"GJB2","Other"
"DDX24","Other"
"SIX3","Other"
"NRCAM","Other"
"AC092849.1","Other"
"AC130352.1","Other"
"AC091185.1","Other"
"IGHV3-49","Immunoglobulin"
"MYH9","Other"
"AC024896.1","Other"
"AL034397.3","Other"
"SOX5","Other"
"AL359834.1","Other"
"SLC18A2","Other"
"GZMM","Other"
"NPIPA7","Other"
"AC012640.1","Other"
"SCNN1A","Other"
"TNFRSF10D","Other"
"CDKN1A","Other"
"SLC24A5","Other"
"SOCS1","Other"
"MYO1E","Other"
"AC026347.1","Other"
"RANBP2","Other"
"SPON1","Other"
"AL390036.1","Other"
"IGHV4-4","Immunoglobulin"
"TECTA","Other"
"LINC01554","Other"
"S100A12","Other"
"AANAT","Other"
"AL158071.5","Other"
"CD300LF","Other"
"AL359076.1","Other"
"AC068724.1","Other"
"MIR155HG","Other"
"AC012368.1","Other"
"AC046158.1","Other"
"AC018682.1","Other"
"ACOXL","Other"
"SERTAD1","Other"
"LINC01686","Other"
"LINC01393","Other"
"AL137230.1","Other"
"AL691403.2","Other"
"RAB3B","Other"
"TNFSF9","Other"
"GSPT1","Other"
"CLEC9A","Other"
"GRID1","Other"
"LPCAT2","Other"
"AC130650.2","Other"
"PDE4D","Other"
"AC009159.3","Other"
"SLCO5A1","Other"
"ID1","Other"
"AC034243.1","Other"
"KIR3DL3","Other"
"AC113615.1","Other"
"IGFBP7","Other"
"IDI1","Other"
"AC109347.1","Other"
"LINC00469","Other"
"AC053503.2","Other"
"SIT1","Other"
"GPR75-ASB3","Other"
"HLA-DRB5","Other"
"CD44","Other"
"SPTSSB","Other"
"IGKV1-39","Immunoglobulin"
"AC126696.2","Other"
"BANK1","Other"
"HLA-DPA1","Other"
"IL6R","Other"
"LINC01521","Other"
"NUPR2","Other"
"PCDH9","Other"
"IGHV4-39","Immunoglobulin"
"KCNE5","Other"
"CD1E","Other"
"AC073052.2","Other"
"AC078795.3","Other"
"LHFPL2","Other"
"RMRP","Other"
"INSIG1","Other"
"SDC1","Other"
"LINC02312","Other"
"AC055764.2","Other"
"AC239803.3","Other"
"ZNF775","Other"
"MARCH1","Other"
"SERPINH1","Other"
"COLQ","Other"
"APOC1","Other"
"ARHGAP44","Other"
"NFKB1","Other"
"AC104971.3","Other"
"CDRT4","Other"
"ALDH8A1","Other"
"AC008878.3","Other"
"TTC23L","Other"
"TRBV5-3","TCR"
"DNALI1","Other"
"SMAD6","Other"
"BASP1","Other"
"ABCB4","Other"
"MAL","Other"
"TESC-AS1","Other"
"PLXDC2","Other"
"AP003733.3","Other"
"CCNH","Other"
"AC008033.3","Other"
"PPARG","Other"
"AC016831.7","Other"
"AC084036.1","Other"
"TNFAIP2","Other"
"GADD45G","Other"
"AC005899.7","Other"
"PTGER4","Other"
"RASD1","Other"
"KIR3DX1","Other"
"KIR2DL4","Other"
"GPR150","Other"
"AC103810.2","Other"
"IGKV1D-39","Immunoglobulin"
"AQP9","Other"
"ARID5B","Other"
"PSMB9","Other"
"PRDM1","Other"
"FAM209B","Other"
"LINC01023","Other"
"SQSTM1","Other"
"CAVIN3","Other"
"DRICH1","Other"
"GTSCR1","Other"
"IFITM3","Other"
"PRSS40A","Other"
"PFKFB3","Other"
"JCHAIN","Other"
"WWC1","Other"
"IGLV2-14","Immunoglobulin"
"AC015849.1","Other"
"IGKC","Immunoglobulin"
"AC012414.5","Other"
"PHACTR1","Other"
"IL6","Other"
"AC010761.1","Other"
"HLA-DPB1","Other"
"GBP1","Other"
"LMCD1-AS1","Other"
"DSC1","Other"
"CHN1","Other"
"STK24-AS1","Other"
"AL157402.1","Other"
"FAAH2","Other"
"ASB9","Other"
"GAS2","Other"
"AC005261.2","Other"
"ODC1","Other"
"CCDC39","Other"
"CD34","Other"
"ALPL","Other"
"AL121652.1","Other"
"MEF2C","Other"
"ADM","Other"
"AC107464.3","Other"
"PTPN22","Other"
"GFPT2","Other"
"AC096711.3","Other"
"OR7D2","Other"
"RUNDC3A-AS1","Other"
"SLC12A3","Other"
"PDE7B","Other"
"IGKV2D-29","Immunoglobulin"
"ACOT6","Other"
"DDX3X","Other"
"AC011773.4","Other"
"RBFOX3","Other"
"PLAC8","Other"
"RBM38","Other"
"AC020916.1","Other"
"P2RY14","Other"
"TMEM37","Other"
"HLA-DQB1","Other"
"CD160","Other"
"MT-ND2","Mitochondrial"
"TIE1","Other"
"EML4","Other"
"AL021368.2","Other"
"AC116407.1","Other"
"TIPARP","Other"
"NUCB1-AS1","Other"
"AL512343.2","Other"
"DUOX1","Other"
"SLC22A18AS","Other"
"AC026904.2","Other"
"SPON2","Other"
"SLIT3","Other"
"LINC01291","Other"
"CNN2","Other"
"PLD4","Other"
"C9orf41-AS1","Other"
"DACT3-AS1","Other"
"ZEB2","Other"
"LIF","Other"
"LINC01030","Other"
"PARD6G-AS1","Other"
"AC013565.3","Other"
"SULF2","Other"
"GAREM1","Other"
"FYN","Other"
"AC009318.3","Other"
"PTPN13","Other"
"RASSF6","Other"
"JAG1","Other"
"LURAP1","Other"
"IL4I1","Other"
"STK17B","Other"
"DLC1","Other"
"ALB","Other"
"IGLV3-12","Immunoglobulin"
"AC105942.1","Other"
"LINC02531","Other"
"HOXA7","Other"
"DDX3Y","Other"
"ZNF804A","Other"
"AC021851.1","Other"
"AC011511.5","Other"
"UCP2","Other"
"CPM","Other"
"HAL","Other"
"TLR6","Other"
"SYNE2","Other"
"PCDH1","Other"
"CALM2","Other"
"MCTP1","Other"
"AL136115.2","Other"
"MOXD1","Other"
"MPEG1","Other"
"RHOH","Other"
"ABCA1","Other"
"IGKV1-6","Immunoglobulin"
"AC108863.1","Other"
"AC243829.2","Other"
"ISLR2","Other"
"GDF7","Other"
"SUN3","Other"
"HSPB1","Other"
"ABCC3","Other"
"BIK","Other"
"TRBV7-4","TCR"
"AC138356.1","Other"
"LINC01781","Other"
"BX571846.1","Other"
"CHMP1B","Other"
"RNF213","Other"
"AC010542.4","Other"
"PHLDA2","Other"
"CLEC4M","Other"
"LMO7-AS1","Other"
"RSRP1","Other"
"SPESP1","Other"
"DPYSL4","Other"
"MACROD2","Other"
"SIGLEC12","Other"
"IGKV2-30","Immunoglobulin"
"IFRD1","Other"
"NCL","Other"
"DKK2","Other"
"AC092164.1","Other"
"PRRG2","Other"
"SLC16A10","Other"
"AC009554.1","Other"
"AC083843.2","Other"
"COMMD6","Other"
"MFSD6L","Other"
"RNF217","Other"
"ETS1","Other"
"FYB1","Other"
"AC015849.2","Other"
"CEACAM1","Other"
"MSX1","Other"
"IGKV2D-28","Immunoglobulin"
"SAMD12-AS1","Other"
"SLAMF1","Other"
"IGHV3-21","Immunoglobulin"
"SAA2","Other"
"SCART1","Other"
"TRGV1","TCR"
"AC004834.1","Other"
"TUBA8","Other"
"PRR4","Other"
"LMNB1","Other"
"AKR1C3","Other"
"GPR15","Other"
"AC092301.1","Other"
"PACRG","Other"
"RCN3","Other"
"AL359921.1","Other"
"AC109347.2","Other"
"TFCP2L1","Other"
"ALPK3","Other"
"AC068491.3","Other"
"CSF1","Other"
"ACTA2-AS1","Other"
"AC005480.1","Other"
"DCHS1","Other"
"TAS2R14","Other"
"PLCD4","Other"
"SPRY1","Other"
"IGLV1-40","Immunoglobulin"
"AL670729.2","Other"
"AC015674.1","Other"
"AL133351.1","Other"
"TAS2R5","Other"
"RORC","Other"
"LCNL1","Other"
"PSCA","Other"
"SERPINB9","Other"
"PSME2","Other"
"PRND","Other"
"AC138466.1","Other"
"AC090948.3","Other"
"FUS","Other"
"LINC01857","Other"
"SEMA3G","Other"
"SIRPA","Other"
"RAB9B","Other"
"TM4SF19-AS1","Other"
"TRAT1","Other"
"ALOX12","Other"
"MT1X","Other"
"AP002383.2","Other"
"AL512598.1","Other"
"G3BP2","Other"
"KANK2","Other"
"LINC01238","Other"
"CCR3","Other"
"NMU","Other"
"IFIT1","Other"
"AC026471.3","Other"
"HIST1H1D","Other"
"ARSJ","Other"
"BATF","Other"
"SLC38A2","Other"
"HS3ST1","Other"
"LBH","Other"
"ZBTB16","Other"
"TRBJ1-1","TCR"
"AL139424.1","Other"
"PPP2R3A","Other"
"IGLV2-11","Immunoglobulin"
"EOMES","Other"
"CTAG2","Other"
"BMP6","Other"
"LMO2","Other"
"RALGPS2","Other"
"AC146944.4","Other"
"FXYD5","Other"
"PRSS57","Other"
"CTAGE15","Other"
"AC004494.1","Other"
"ADGRG1","Other"
"TOMM7","Other"
"GAB1","Other"
"NFKBID","Other"
"AL356019.2","Other"
"IFIT3","Other"
"FGF14","Other"
"AC025034.1","Other"
"KIAA1551","Other"
"SLC2A5","Other"
"TMPRSS6","Other"
"AC009495.1","Other"
"AC073352.2","Other"
"DST","Other"
"AC100830.2","Other"
"ALX1","Other"
"FAM201A","Other"
"NMB","Other"
"PLA2G7","Other"
"KCNC3","Other"
"TSHZ2","Other"
"UQCRB","Other"
"FOXJ1","Other"
"GNAL","Other"
"ADH1A","Other"
"IGHV1-69D","Immunoglobulin"
"WNT9A","Other"
"MAP3K8","Other"
"COL5A1","Other"
"CYYR1","Other"
"P2RX1","Other"
"AL121983.1","Other"
"ANK1","Other"
"PRSS3","Other"
"TMEM232","Other"
"FAM47E","Other"
"RCSD1","Other"
"ABLIM1","Other"
"AC239800.2","Other"
"FABP1","Other"
"AC123768.4","Other"
"LINC01503","Other"
"APOC3","Other"
"CCND2","Other"
"AL109811.2","Other"
"IGLV3-10","Immunoglobulin"
"KNDC1","Other"
"AC090651.1","Other"
"TRAF3IP3","Other"
"AC087672.2","Other"
"SELENOP","Other"
"ITM2C","Other"
"AOAH","Other"
"AC022762.2","Other"
"RNF125","Other"
"ARL9","Other"
"LRRC49","Other"
"METTL27","Other"
"TMEM136","Other"
"MARCKS","Other"
"CNTF","Other"
"RUBCNL","Other"
"IGFBP3","Other"
"AL096865.1","Other"
"CD70","Other"
"NKILA","Other"
"KCTD15","Other"
"TBC1D12","Other"
"OSBP2","Other"
"MSH5-SAPCD1","Other"
"AL137145.1","Other"
"CISH","Other"
"AC113414.1","Other"
"KLKB1","Other"
"TRPV4","Other"
"PTGDR","Other"
"SLA2","Other"
"S1PR5","Other"
"CLECL1","Other"
"C1QTNF3","Other"
"RASGEF1B","Other"
"IFI44L","Other"
"ATP2C2-AS1","Other"
"MYL12A","Other"
"FLNA","Other"
"LAG3","Other"
"GNA15","Other"
"F2RL1","Other"
"CD302","Other"
"DNAJB6","Other"
"CXCL3","Other"
"LCN10","Other"
"TLR2","Other"
"LIX1-AS1","Other"
"AP000442.1","Other"
"GPR65","Other"
"IGKV4-1","Immunoglobulin"
"Z97989.1","Other"
"DENND6A-DT","Other"
"CHD1","Other"
"AC004076.2","Other"
"GYPC","Other"
"LINC01606","Other"
"UBXN7-AS1","Other"
"AL928654.1","Other"
"PMAIP1","Other"
"PNRC1","Other"
"FCRL1","Other"
"IL17RE","Other"
"CYTOR","Other"
"COL6A2","Other"
"GATA3","Other"
"JUND","Stress_Immediate_Early"
"SUSD4","Other"
"S1PR1","Other"
"HRH2","Other"
"AP000977.1","Other"
"LYZ","Other"
"RASL11A","Other"
"FP671120.3","Other"
"ZGLP1","Other"
"RORA","Other"
"MARCKSL1","Other"
"CD200R1","Other"
"PKP2","Other"
"SPRY3","Other"
"SRGN","Other"
"GNG2","Other"
"AC004825.2","Other"
"LRRK1","Other"
"AC127002.1","Other"
"GDF9","Other"
"SIRPG","Other"
"AL513303.1","Other"
"IGKV3OR2-268","Immunoglobulin"
"AC007405.3","Other"
"AR","Other"
"AES","Other"
"AP001001.1","Other"
"IGKV1-27","Immunoglobulin"
"CXCR3","Other"
"SLC6A9","Other"
"ZNF625","Other"
"CCDC62","Other"
"LOXL4","Other"
"IGKV1-33","Immunoglobulin"
"TMEM178B","Other"
"EBLN2","Other"
"AC010422.3","Other"
"KLHL7-DT","Other"
"HOXB3","Other"
"AC022730.4","Other"
"SNRPD2","Other"
"DNAJB4","Other"
"AC109460.1","Other"
"LINC02195","Other"
"RASGRF1","Other"
"AC006449.3","Other"
"AP006284.1","Other"
"AL391684.1","Other"
"BHLHE40","Other"
"IL17RB","Other"
"NFE2L2","Other"
"PALD1","Other"
"APOA2","Other"
"EIF4G2","Other"
"AC073529.1","Other"
"ANKRD55","Other"
"SH2D6","Other"
"ASIC1","Other"
"AC053513.1","Other"
"SLC38A1","Other"
"IL2RB","Other"
"GIMAP1","Other"
"PLK2","Other"
"CCR10","Other"
"SPATA3","Other"
"FES","Other"
"PXDNL","Other"
"AC005498.2","Other"
"Z99774.1","Other"
"CD28","Other"
"AC104506.1","Other"
"CCDC194","Other"
"AC091965.1","Other"
"CLEC2D","Other"
"XIST","Other"
"SLC8A2","Other"
"RSAD2","Other"
"PRICKLE1","Other"
"NEFL","Other"
"EPS8","Other"
"PNOC","Other"
"SLC28A3","Other"
"ITGB1","Other"
"CERKL","Other"
"ECM2","Other"
"NHSL2","Other"
"MN1","Other"
"AC008079.2","Other"
"HLA-DOB","Other"
"ZNF660","Other"
"TAS2R43","Other"
"CPA5","Other"
"CA2","Other"
"AC124242.1","Other"
"AC006942.1","Other"
"PFKFB4","Other"
"IGLV1-44","Immunoglobulin"
"CLEC3B","Other"
"NEXMIF","Other"
"AC096642.1","Other"
"BTNL9","Other"
"IL7","Other"
"SYAP1","Other"
"AL136526.1","Other"
"AC021097.1","Other"
"PLBD1","Other"
"CALB1","Other"
"GBP6","Other"
"AC090527.2","Other"
"MX1","Other"
"TMA7","Other"
"AC012313.1","Other"
"MSRB3","Other"
"HSP90B1","Other"
"AL139807.1","Other"
"RGPD2","Other"
"MIR181A2HG","Other"
"BX284668.6","Other"
"CYP2D6","Other"
"AUTS2","Other"
"ITGA1","Other"
"IGHV3-43","Immunoglobulin"
"HMGB2","Other"
"CACNB4","Other"
"MAF","Other"
"MFAP2","Other"
"PARVA","Other"
"RGMA","Other"
"CYP46A1","Other"
"SMCO3","Other"
"ARL4C","Other"
"CXXC4","Other"
"CLIC1","Other"
"PARM1","Other"
"AC006064.2","Other"
"AC021151.1","Other"
"AKAP13","Other"
"TXK","Other"
"UXT-AS1","Other"
"AL354896.1","Other"
"LYST","Other"
"ACVR2A","Other"
"TNFRSF19","Other"
"AP000911.1","Other"
"PPP1R9A","Other"
"TEX29","Other"
"AC239799.2","Other"
"JAZF1-AS1","Other"
"CPXM1","Other"
"RTN1","Other"
"NCR3","Other"
"GLIS1","Other"
"CTDSPL","Other"
"AL603832.1","Other"
"LDLRAD4","Other"
"TBC1D8B","Other"
"AC083973.1","Other"
"PROK2","Other"
"SLFNL1-AS1","Other"
"ROR2","Other"
"HNRNPU","Other"
"USP36","Other"
"BX649632.1","Other"
"PLIN2","Other"
"KLF3","Other"
"AC126755.2","Other"
"HERPUD1","Other"
"OASL","Other"
"AGPAT5","Other"
"ASPM","Other"
"LRRC69","Other"
"CAMK4","Other"
"AFF3","Other"
"AC007325.4","Other"
"CP","Other"
"CACYBP","Other"
"CD5","Other"
"VSIG1","Other"
"KPNA2","Other"
"AL132639.3","Other"
"IGKV3D-15","Immunoglobulin"
"TPBG","Other"
"NDUFS5","Other"
"KRT8","Other"
"SMAD1","Other"
"AHI1","Other"
"C19orf71","Other"
"AC023157.3","Other"
"TOM1L1","Other"
"ALOX5","Other"
"AP000911.2","Other"
"ATP12A","Other"
"IGLV2-23","Immunoglobulin"
"PLEK","Other"
"SH2D1A","Other"
"SLFN5","Other"
"KDM6B","Other"
"ADGRD1","Other"
"NUP210L","Other"
"TSSK4","Other"
"CREG2","Other"
"GSTP1","Other"
"ADTRP","Other"
"FOXD4","Other"
"RIPOR2","Other"
"AP000786.1","Other"
"HNMT","Other"
"PCOLCE-AS1","Other"
"AKAP5","Other"
"KCNQ1OT1","Other"
"MINDY1","Other"
"UGT3A2","Other"
"TBC1D4","Other"
"ZNF415","Other"
"STAT4","Other"
"AL445250.1","Other"
"HBQ1","Other"
"SHISA8","Other"
"AC104653.1","Other"
"C9orf147","Other"
"TP53TG5","Other"
"KIF13A","Other"
"AC087623.3","Other"
"FAM171A1","Other"
"TBC1D8","Other"
"AL391834.2","Other"
"CDKN1B","Other"
"GSDMA","Other"
"AC092718.6","Other"
"PIWIL2","Other"
"AC005580.1","Other"
"LGALS3","Other"
"BTBD11","Other"
"C6orf163","Other"
"SLC15A3","Other"
"LINC01504","Other"
"CSGALNACT1","Other"
"LINC01943","Other"
"IVNS1ABP","Other"
"LINC01711","Other"
"FNBP1L","Other"
"AC097534.2","Other"
"TDRD9","Other"
"MXD1","Other"
"TRAC","Other"
"PASK","Other"
"ERN1","Other"
"IL6R-AS1","Other"
"TM4SF19","Other"
"LINC01891","Other"
"ZNF727","Other"
"AQP3","Other"
"UNC5B-AS1","Other"
"IKZF3","Other"
"BCL2L11","Other"
"CCDC121","Other"
"FRY","Other"
"IGHV3-72","Immunoglobulin"
"AL031316.1","Other"
"LPAR1","Other"
"EGLN3","Other"
"AC034111.1","Other"
"HSFX1","Other"
"ARMH2","Other"
"CHDH","Other"
"AC012236.1","Other"
"CYTIP","Other"
"SOWAHC","Other"
"AL136309.4","Other"
"BEX1","Other"
"MIF","Other"
"Z95115.1","Other"
"TMEM176A","Other"
"MAML3","Other"
"GLT1D1","Other"
"HNRNPLL","Other"
"LRGUK","Other"
"PDK4","Other"
"LRRN3","Other"
"CMKLR1","Other"
"TMEM110-MUSTN1","Other"
"CFP","Other"
"POU5F1","Other"
"ZNF396","Other"
"ZDBF2","Other"
"DENND2D","Other"
"HCG27","Other"
"AC130343.2","Other"
"MT-ATP8","Mitochondrial"
"CSE1L-AS1","Other"
"AL360181.2","Other"
"SORBS2","Other"
"ANKRD37","Other"
"IKZF2","Other"
"IGFBP2","Other"
"CLEC10A","Other"
"SEPT10","Other"
"PBX1","Other"
"LTK","Other"
"IDS","Other"
"WASF1","Other"
"TRIQK","Other"
"Z98885.3","Other"
"CD3G","Other"
"LINC01366","Other"
"NOG","Other"
"AC005253.1","Other"
"AC007114.2","Other"
"TRG-AS1","Other"
"DTHD1","Other"
"OCM","Other"
"AC068338.3","Other"
"AC040162.1","Other"
"PLS3","Other"
"FAM111B","Other"
"LINC01876","Other"
"LINC01252","Other"
"AL031600.1","Other"
"AL121985.1","Other"
"AC109449.1","Other"
"ARPC1B","Other"
"HMSD","Other"
"PBXIP1","Other"
"NELL2","Other"
"KMT2E","Other"
"LINC01644","Other"
"AL590617.2","Other"
"AC007349.2","Other"
"AC087286.1","Other"
"CDC42BPB","Other"
"LINC01762","Other"
"MDS2","Other"
"DPP4","Other"
"TNFSF14","Other"
"LZTFL1","Other"
"MBNL1","Other"
"AC023509.4","Other"
"UPK3B","Other"
"MYBL1","Other"
"AC084346.2","Other"
"CCL5","Other"
"CATIP","Other"
"FSTL4","Other"
"CTSC","Other"
"AL353596.1","Other"
"BCL2A1","Other"
"DMRTC1","Other"
"SETD7","Other"
"RELB","Other"
"IGF1","Other"
"CCNO","Other"
"LINC01694","Other"
"B4GALT1","Other"
"PRPH","Other"
"ABCA10","Other"
"DLG1-AS1","Other"
"OST4","Other"
"ELFN1-AS1","Other"
"AC010547.4","Other"
"PGK1","Other"
"PTP4A1","Other"
"PRDM16","Other"
"XBP1","Other"
"AC112491.1","Other"
"UACA","Other"
"RPA4","Other"
"AL391244.3","Other"
"SRSF5","Other"
"SNHG8","Other"
"AC126614.1","Other"
"LINC01220","Other"
"CNTNAP1","Other"
"IGHV1-2","Immunoglobulin"
"IGKV1-5","Immunoglobulin"
"MSMP","Other"
"LHX4","Other"
"AC089984.1","Other"
"AIF1","Other"
"SERPINF1","Other"
"AC073314.1","Other"
"MIR181A1HG","Other"
"CORO1B","Other"
"AC092376.2","Other"
"CAPG","Other"
"SAMSN1-AS1","Other"
"SAG","Other"
"TRAJ39","TCR"
"AP000892.1","Other"
"ATP2B1-AS1","Other"
"IRF8","Other"
"SOGA1","Other"
"AL138963.1","Other"
"LINC01301","Other"
"AL136172.1","Other"
"GML","Other"
"GMFG","Other"
"ATP8A1","Other"
"YES1","Other"
"PDCL3","Other"
"ACTG1","Other"
"MIR4435-2HG","Other"
"KIAA1217","Other"
"F7","Other"
"MYLK4","Other"
"IGFBP4","Other"
"MCAM","Other"
"AC126283.1","Other"
"CR559946.1","Other"
"LCP2","Other"
"AKNA","Other"
"AC007038.1","Other"
"AP001469.3","Other"
"AL035252.3","Other"
"PCDHGB2","Other"
"AC007240.1","Other"
"AGBL4","Other"
"AL035661.1","Other"
"AL008729.2","Other"
"IFITM1","Other"
"MNDA","Other"
"CBFA2T3","Other"
"PLA2G4C","Other"
"OR2A7","Other"
"COG8","Other"
"SALL2","Other"
"APOE","Other"
"AP003721.4","Other"
"RUFY4","Other"
"ZFAND2A","Other"
"SH3RF1","Other"
"EGR3","Other"
"FZD8","Other"
"MEFV","Other"
"S100Z","Other"
"DUSP16","Stress_Immediate_Early"
"CARD9","Other"
"WWC2","Other"
"THEMIS","Other"
"IGKV1D-33","Immunoglobulin"
"KIAA0319","Other"
"ASAH2","Other"
"BCL3","Other"
"CD200","Other"
"AP003097.2","Other"
"ZNF80","Other"
"AL117381.1","Other"
"CTSK","Other"
"CCDC81","Other"
"SLC25A6","Other"
"LINC01505","Other"
"CD8B2","Other"
"AC100810.3","Other"
"ARL4A","Other"
"TTN","Other"
"ATP6V1G2","Other"
"AL033527.3","Other"
"AC087276.2","Other"
"PIM1","Other"
"AC092667.1","Other"
"SERPINE2","Other"
"AP002852.1","Other"
"MERTK","Other"
"APOC2","Other"
"AC010273.1","Other"
"SPTLC3","Other"
"EFNA3","Other"
"CTTNBP2NL","Other"
"AC073073.2","Other"
"SMCO4","Other"
"STXBP6","Other"
"ADAM19","Other"
"CD48","Other"
"LINC00654","Other"
"C4BPB","Other"
"IGKV1-17","Immunoglobulin"
"FRY-AS1","Other"
"MSN","Other"
"FAM229A","Other"
"AL034550.2","Other"
"GPR18","Other"
"HINT1","Other"
"PTK2","Other"
"TOMM20L","Other"
"PAG1","Other"
"SPIN2A","Other"
"AL358115.1","Other"
"HDHD5-AS1","Other"
"SRSF3","Other"
"DDX17","Other"
"SOD1","Other"
"NCAM1","Other"
"LINC01229","Other"
"AC026304.1","Other"
"HIST2H2AA4","Other"
"CD3D","Other"
"AC243960.1","Other"
"ATP5F1E","Other"
"TSPAN7","Other"
"TIMP1","Other"
"LINC02427","Other"
"SMPDL3B","Other"
"STMN1","Cell_Cycle"
"TMIGD2","Other"
"TPM4","Other"
"LINC02158","Other"
"AL080317.1","Other"
"HOMER2","Other"
"CARD16","Other"
"TMEM213","Other"
"CKLF-CMTM1","Other"
"ICAM1","Other"
"C4orf47","Other"
"AP001496.1","Other"
"LIMS1","Other"
"AL031432.3","Other"
"AC138904.3","Other"
"IGKV1-16","Immunoglobulin"
"C16orf96","Other"
"CSF3R","Other"
"ILDR2","Other"
"SMAP2","Other"
"TMEM176B","Other"
"TNFAIP6","Other"
"MYO1B","Other"
"ZBTB1","Other"
"FRMD4B","Other"
"ATP5MG","Other"
"POLN","Other"
"SIGLEC7","Other"
"DAB1-AS1","Other"
"SLC38A3","Other"
"GLRX","Other"
"LY6E","Other"
"LGALS12","Other"
"AC068196.1","Other"
"CXorf21","Other"
"AC091948.1","Other"
"MLF1","Other"
"PDIA3","Other"
"AC072061.1","Other"
"ZC3HAV1","Other"
"HPSE2","Other"
"AC007773.1","Other"
"GLUD1","Other"
"LINC01841","Other"
"MPZL2","Other"
"SMIM33","Other"
"COL5A2","Other"
"CYB5RL","Other"
"IGHV3-30","Immunoglobulin"
"SCG5","Other"
"AL021068.1","Other"
"IL10RA","Other"
"CAHM","Other"
"SLC25A5","Other"
"SPEG","Other"
"IL3RA","Other"
"NSMCE3","Other"
"BBC3","Other"
"KLRC2","Other"
"LINC00659","Other"
"KRT81","Other"
"KRT72","Other"
"POU4F1","Other"
"COX7C","Other"
