"Phase","CD8_State","n_donors","mean_percentage","median_percentage","sd_percentage"
"AC","CD8_Activated",2,0.41616055880891,0.41616055880891,0.131161652067264
"AC","CD8_Cytotoxic_Effector",3,1.60058797184533,0.74385510996119,2.09337070061789
"AC","CD8_Immediate_Early_Stress",3,4.98748167225393,4.52781371280724,2.5325720214987
"AC","CD8_Memory_GPR183",2,30.7095549871786,30.7095549871786,8.02879227255041
"AC","CD8_Memory_P2RY8",2,9.5988087126262,9.5988087126262,6.57687817284753
"AC","CD8_Naive_Memory",3,23.268616356175,1.86598812553011,37.7924424095864
"AC","CD8_PD1_Dysfunctional",2,1.7677702835411,1.7677702835411,0.258851263951144
"AC","Cytotoxic_GammaDelta_like",3,5.21180025073725,0.508905852417303,8.36324426581222
"AC","GammaDelta_IL7R",2,1.16945204292014,1.16945204292014,1.10500103445251
"AC","GammaDelta_NK_like_TRM",3,5.44922320944308,1.27226463104326,8.30248498093251
"AC","GammaDelta_T_like",2,28.3277757478601,28.3277757478601,35.8632655634731
"AC","NK_like",2,15.1147260104875,15.1147260104875,12.0906719527861
"AC","NK_like_Nonconventional",3,1.06802566783808,0.485122897800776,1.05870050299757
"AC","Treg_like",2,0.517148964138486,0.517148964138486,0.228242999094275
"AR","CD8_Activated",2,2.32017110579176,2.32017110579176,2.86478235579887
"AR","CD8_Cytotoxic_Effector",3,1.71966789245104,1.47849462365591,1.82310357571771
"AR","CD8_Immediate_Early_Stress",3,5.19298438917307,5.28673835125448,2.27583608940893
"AR","CD8_Memory_GPR183",2,51.9358638246134,51.9358638246134,4.25838462016292
"AR","CD8_Memory_P2RY8",2,17.068309332928,17.068309332928,6.14823869896393
"AR","CD8_Naive_Memory",3,24.0383352919962,2.68817204301075,38.4498005914202
"AR","CD8_PD1_Dysfunctional",2,3.99228377471282,3.99228377471282,0.767158512144492
"AR","Cytotoxic_GammaDelta_like",3,3.14202974979197,0.896057347670251,4.47434001138642
"AR","GammaDelta_IL7R",2,2.40106956951252,2.40106956951252,1.68488293685783
"AR","GammaDelta_NK_like_TRM",3,3.15954161885091,0.235571260306243,5.23054528050772
"AR","GammaDelta_Nonconventional",1,11.1078717201166,11.1078717201166,NA
"AR","GammaDelta_T_like",1,0.0588928150765607,0.0588928150765607,NA
"AR","NK_like",2,6.53100738376585,6.53100738376585,3.09023941744472
"AR","NK_like_Nonconventional",3,0.497483665593381,0.403225806451613,0.521881630584515
"AR","Treg_like",3,2.36189921952943,1.53121319199058,2.82658961721759
"IA","CD8_Activated",4,17.7152733256136,12.4279756666794,20.3911320657856
"IA","CD8_Cytotoxic_Effector",4,1.213398232122,1.06688376809889,0.320963690222613
"IA","CD8_Immediate_Early_Stress",5,7.92432626888874,7.94726930320151,3.76150050112453
"IA","CD8_Memory_GPR183",4,23.8522511211365,26.3477083211132,14.9117643799875
"IA","CD8_Memory_P2RY8",4,8.68383155514348,7.97720301886554,7.19622493857603
"IA","CD8_Naive_Memory",5,13.4588513604587,2.29755178907721,25.6214075503617
"IA","CD8_PD1_Dysfunctional",4,18.4607287813589,4.10088747448629,30.0730578423538
"IA","Cytotoxic_GammaDelta_like",5,6.88638828832306,0.376647834274953,14.7848095860253
"IA","GammaDelta_IL7R",4,2.17703567964492,1.81100785166611,1.39567447938911
"IA","GammaDelta_NK_like_TRM",5,1.01346904334896,0.225988700564972,1.55531482421523
"IA","GammaDelta_T_like",2,0.0481000594766184,0.0481000594766184,0.0383880992462503
"IA","Ig_Associated_Ambiguous",1,0.0341471743213249,0.0341471743213249,NA
"IA","NK_like",4,11.3984325271204,8.66573614008959,8.7507549618024
"IA","NK_like_Nonconventional",4,0.91426855254536,0.453856109472298,1.11990632045767
"IA","Treg_like",4,3.94839970072182,1.7549168643831,5.15932875405051
"IT","CD8_Activated",5,3.6427917065841,3.69393139841689,1.81881001922972
"IT","CD8_Cytotoxic_Effector",4,2.160931321274,1.91526213166278,2.06703494318416
"IT","CD8_Immediate_Early_Stress",6,10.1253465573312,9.04356159246682,3.73869612050703
"IT","CD8_Memory_GPR183",6,39.5208494539986,32.6352301701309,11.8112894054303
"IT","CD8_Memory_P2RY8",4,9.09022809881633,6.21998672985733,8.62691576281337
"IT","CD8_Naive_Memory",5,1.8322436878084,1.5045674368619,1.04185830998183
"IT","CD8_PD1_Dysfunctional",6,14.3758234352276,3.00466880943233,23.494522759219
"IT","Cytotoxic_GammaDelta_like",5,0.866687935512245,0.79155672823219,0.679378336891513
"IT","GammaDelta_IL7R",5,4.13156477937885,4.58167330677291,2.9490632649694
"IT","GammaDelta_NK_like_TRM",4,0.627332023116408,0.627357967119192,0.446303033336475
"IT","GammaDelta_T_like",2,0.103535348129246,0.103535348129246,0.00556316897024597
"IT","Ig_Associated_Ambiguous",2,0.32960581103849,0.32960581103849,0.238156614488149
"IT","NK_like",5,19.2401779805824,14.7101102060374,12.6254064463064
"IT","NK_like_Nonconventional",3,3.56178908756598,1.05414470531864,5.0389344294885
"IT","Treg_like",5,1.64698750349315,1.71503957783641,0.488769540046315
"NL","CD8_Activated",2,0.235673891127859,0.235673891127859,0.203070969817818
"NL","CD8_Cytotoxic_Effector",2,0.123025581594987,0.123025581594987,0.0938590317117091
"NL","CD8_Immediate_Early_Stress",6,17.1346688300026,7.92492312403506,20.0379978724377
"NL","CD8_Memory_GPR183",6,13.2858821694029,7.56106482249414,13.947846736312
"NL","CD8_Memory_P2RY8",4,1.33189217336426,1.13756081676436,1.2148297038976
"NL","CD8_Naive_Memory",5,1.88125916462257,0.92378752886836,1.77240370461721
"NL","CD8_PD1_Dysfunctional",6,24.7767874549638,15.9797724399494,28.1058274563677
"NL","Cytotoxic_GammaDelta_like",5,0.616740408173297,0.126422250316056,1.03777114419935
"NL","GammaDelta_IL7R",5,1.57773511350282,0.577367205542725,2.40565579054796
"NL","GammaDelta_NK_like_TRM",5,0.92024243299797,0.252844500632111,1.07994024102032
"NL","GammaDelta_T_like",2,0.140737485350745,0.140737485350745,0.0688106172048687
"NL","Ig_Associated_Ambiguous",3,30.3255816602318,0.346420323325635,52.145849958337
"NL","NK_like",6,23.4508414795398,18.276558891455,22.9924561883511
"NL","NK_like_Nonconventional",5,0.34855968885114,0.276243093922652,0.277880753089844
"NL","Treg_like",4,1.02126219137665,0.687443162860078,0.937035841821395
