p_val,avg_log2FC,pct.1,pct.2,p_val_adj,cluster,gene
0,2.4972327735506274,0.289,0.062,0,0,TNFRSF9
0,2.099195236596139,0.33,0.087,0,0,CRTAM
5.1155539254028955e-281,2.0418981161440986,0.277,0.077,9.68118580382498e-277,0,ENC1
0,1.9960002323809332,0.377,0.112,0,0,DUSP4
0,1.986823827887876,0.377,0.109,0,0,PDCD1
2.79802e-318,1.545647204445213,0.47,0.202,5.2952570314e-314,0,SRRT
0,1.5012716871826122,0.833,0.331,0,0,CD8A
9.081583720583392e-192,1.46950497063216,0.31,0.122,1.718689719120407e-187,0,OASL
8.466597274286734e-175,1.4408523209607926,0.306,0.127,1.6023035341587644e-170,0,ATP8A1
0,1.4367397088967089,0.649,0.286,0,0,RGS1
0,3.2758929980639455,0.258,0.028,0,1,AC004832.6
1.3951295464525113e-262,2.447570508298968,0.269,0.06,2.6402826666613775e-258,1,TRG-AS1
2.9493718226418223e-297,2.0117300767009563,0.4,0.119,5.581686174349649e-293,1,SIT1
0,1.9469246478820816,0.683,0.219,0,1,CD8B
9.11461656547257e-148,1.8247562461399909,0.258,0.087,1.7249411850156838e-143,1,PTGDR
3.182591195468312e-189,1.7209935935805618,0.352,0.13,6.02305383742378e-185,1,SIRPG
0,1.7184309393816801,0.551,0.206,0,1,LINC00861
0,1.7086446642214208,0.642,0.254,0,1,GIMAP4
3.9658709917155015e-174,1.6414529787988204,0.391,0.172,7.505410851821587e-170,1,PRMT9
4.20664328738017e-204,1.6098106023761685,0.404,0.158,7.961072421366972e-200,1,GIMAP1
0,4.4682791424671695,0.315,0.02,0,2,CCL20
0,3.9050757258036817,0.395,0.026,0,2,SLC4A10
0,3.517907836489953,0.529,0.043,0,2,TRAV1-2
0,3.474076075473013,0.315,0.034,0,2,IL4I1
0,3.0523687530504295,0.553,0.073,0,2,CCR6
0,2.6988863609196634,0.264,0.04,0,2,DPP4
4.4962892924650695e-270,2.5795385343360424,0.27,0.056,8.509227485990144e-266,2,GPR35
1.464980173e-315,2.401362063838985,0.315,0.065,2.772474976788e-311,2,FEZ1
1e-323,2.1727551783656667,0.383,0.094,1.87004e-319,2,PBX4
0,2.1437816956898788,0.495,0.125,0,2,AQP3
0,3.0776636546491485,0.256,0.028,0,3,LEF1
0,2.457847657517176,0.423,0.087,0,3,CCR7
1.0852937057998395e-298,2.309127096131211,0.346,0.081,2.0539183382261964e-294,3,TNFRSF4
2.197974907633656e-235,2.1271733110454827,0.298,0.073,4.1596675126966937e-231,3,CD4
6.686668644468338e-218,1.9455381034373413,0.307,0.08,1.265452040965633e-213,3,S1PR1
5.930461864e-314,1.8889034371728157,0.451,0.125,1.12233990773706e-309,3,ICOS
1.691523874495372e-160,1.7890131753589311,0.271,0.081,3.2012089324824916e-156,3,PDE3B
0,1.7497765197047226,0.543,0.179,0,3,GPR183
0,1.6346499920641147,0.797,0.259,0,3,IL7R
1.4609017071894684e-258,1.6279875390573686,0.535,0.214,2.764756480856069e-254,3,LMNA
0,4.78308887765385,0.842,0.032,0,4,FGFBP2
0,4.760161270027911,0.383,0.013,0,4,PRSS23
0,3.782568264135404,0.888,0.081,0,4,GNLY
0,3.5469470562537833,0.302,0.027,0,4,LAIR2
0,3.4286908560512828,0.419,0.039,0,4,ADGRG1
0,3.231634839957459,0.361,0.038,0,4,CX3CR1
0,3.14066779019573,0.965,0.157,0,4,GZMB
0,3.045183598924404,0.34,0.045,0,4,C1orf21
0,2.9825881436819643,0.704,0.1,0,4,FCGR3A
0,2.8882689727399424,0.645,0.109,0,4,SPON2
0,6.114414550897315,0.26,0.004,0,5,ADGRG3
0,4.371184976489268,0.474,0.026,0,5,B3GNT7
0,3.695745170780847,0.392,0.035,0,5,GRAMD2B
0,3.4323916293941394,0.344,0.035,0,5,KRT86
0,3.318578634528082,0.496,0.047,0,5,SH2D1B
0,3.0930311855874817,0.31,0.04,0,5,LZTFL1
0,2.947124580086691,0.409,0.051,0,5,KLRC1
0,2.7785095179491006,0.721,0.107,0,5,KLRF1
5.4705361578734234e-264,2.743579434779506,0.256,0.036,1.0352989678775453e-259,5,NCAM1
1.2436106980912647e-291,2.587317411288586,0.313,0.05,2.3535332461377185e-287,5,TOX2
0,3.3683926311548777,0.301,0.039,0,6,CD40LG
4.558224257300289e-99,1.8928693620278387,0.3,0.115,8.626439406940797e-95,6,TCF7
1.5558883017882566e-145,1.7754170538507013,0.426,0.17,2.9445186111342756e-141,6,FLT3LG
3.27437e-319,1.6504209133759387,0.742,0.283,6.196746476e-315,6,IL7R
2.4824623918840383e-71,1.6458020099273698,0.281,0.122,4.698060076640543e-67,6,OXNAD1
5.0421062540640145e-102,1.6191539380615798,0.346,0.138,9.542186085816148e-98,6,SIT1
5.3226180369205914e-70,1.4966616735014855,0.301,0.135,1.007305463487222e-65,6,AC243960.1
0,1.4870399706306578,0.844,0.408,0,6,LTB
2.905361563537897e-147,1.4846335229898542,0.514,0.227,5.49839675899547e-143,6,LINC00861
6.384755652685362e-73,1.4168816328436347,0.329,0.152,1.2083150072707047e-68,6,AQP3
0,5.464256931371374,0.616,0.018,0,7,RUBCNL
0,4.9714491740481614,0.411,0.013,0,7,CXCR5
0,4.952103087420792,0.296,0.008,0,7,CD22
0,4.937445078678997,0.501,0.017,0,7,TNFRSF13C
0,4.929167321811574,0.348,0.008,0,7,FCRL1
0,4.787453151356996,0.507,0.015,0,7,FCER2
0,4.7672554224475805,0.287,0.011,0,7,ARHGAP24
0,4.613560466210793,0.769,0.029,0,7,BANK1
0,4.59710920219425,0.453,0.017,0,7,CD19
0,4.422147600079256,0.496,0.019,0,7,FAM129C
0,5.004214857968426,0.265,0.009,0,8,IGLV5-45
0,3.754178986870313,0.396,0.021,0,8,IGLV1-40
0,3.6345371988844843,0.291,0.016,0,8,IGKV1-9
0,2.8930875836652037,0.482,0.039,0,8,IGKV3-20
2.2466390841766865e-234,2.4248588326602025,0.254,0.031,4.251764466804379e-230,8,IGLV2-14
0,2.024607404776871,0.364,0.036,0,8,IGHG1
2.0138071804362643e-95,1.9875570003026721,0.258,0.07,3.8111300889756303e-91,8,GPR35
4.453131001469817e-122,1.7079374819928361,0.4,0.126,8.42755042028163e-118,8,GPR171
1.4124898758912694e-78,1.660771064825119,0.274,0.086,2.6731370901242275e-74,8,TRAV1-2
3.7726117971268364e-73,1.449393880073639,0.32,0.115,7.139667826062538e-69,8,PBX4
0,7.341412928598607,0.711,0.009,0,9,TMEM176A
0,7.066119784917716,0.382,0.005,0,9,CDA
0,6.945270221919635,0.752,0.009,0,9,S100A12
0,6.876815862831115,0.845,0.014,0,9,TMEM176B
0,6.813312292209545,0.393,0.006,0,9,RBP7
0,6.776901091841923,0.368,0.007,0,9,ASGR1
0,6.48781314725663,0.257,0.006,0,9,KCNE3
0,6.365444163330031,0.78,0.015,0,9,VCAN
0,6.298505156399056,0.265,0.007,0,9,MGST1
0,6.281261632031883,0.313,0.006,0,9,LMO2
0,5.997880777818208,0.501,0.015,0,10,TCL1A
0,5.987356639674829,0.331,0.009,0,10,IGHV5-78
0,5.3409943874573464,0.55,0.022,0,10,VPREB3
0,5.253154545004594,0.568,0.023,0,10,LINC00926
0,5.181915747426448,0.257,0.015,0,10,CD180
0,5.132475843870873,0.36,0.016,0,10,CD24
0,5.102334333298378,0.439,0.02,0,10,LINC02397
0,5.01902829756715,0.448,0.025,0,10,HLA-DOB
0,4.945735267531039,0.269,0.013,0,10,IGHD
0,4.775441802152395,0.322,0.021,0,10,GAPT
0,15.866056757883827,0.354,0,0,11,DPEP1
0,12.877301728355704,0.594,0,0,11,SDC1
0,11.1708565467586,0.284,0,0,11,BHLHA15
0,8.750428931454609,0.262,0.001,0,11,IGKV3OR2-268
0,8.111807788949145,0.422,0.003,0,11,IGHG4
0,7.934910564907499,0.392,0.002,0,11,LINC02362
0,7.9134458596109205,0.27,0.001,0,11,IGF1
0,7.7936142321910955,0.714,0.003,0,11,TNFRSF17
0,7.720471742891364,0.328,0.002,0,11,PYCR1
0,7.4293611543457185,0.956,0.011,0,11,DERL3
0,8.51400667224587,0.324,0.001,0,12,CD1E
0,8.191152901853417,0.431,0.003,0,12,C1QC
0,7.946632577809867,0.456,0.003,0,12,C1QB
0,7.8157241148484955,0.264,0.002,0,12,APOE
0,7.703828993660819,0.362,0.002,0,12,FPR3
0,7.6478361980193785,0.344,0.002,0,12,RAB7B
0,7.572806898173034,0.294,0.001,0,12,AXL
0,7.375962843169657,0.264,0.002,0,12,IDO1
0,7.292195293369425,0.317,0.002,0,12,VSIG4
0,7.2649452818328735,0.337,0.002,0,12,CYP2S1
0,9.722782114734324,0.298,0.001,0,13,TNFAIP6
0,7.2834804450849635,0.319,0.003,0,13,PTX3
0,7.223585809468958,0.561,0.005,0,13,EREG
0,6.782440669574646,0.501,0.004,0,13,AQP9
0,6.711707751913428,0.572,0.006,0,13,CDC42EP2
0,6.617637174099812,0.392,0.005,0,13,CXCL3
0,6.541771648648767,0.822,0.012,0,13,G0S2
0,6.49386794407025,0.595,0.009,0,13,CXCL2
0,6.124231363144188,0.77,0.018,0,13,IL1B
0,6.070224396840798,0.366,0.006,0,13,OLR1
0,4.059262871483548,0.632,0.057,0,14,CX3CR1
5.469912739270515e-299,3.8047479635479737,0.449,0.039,1.035180985906945e-294,14,PRSS23
5.378802300543814e-109,3.51646954741436,0.275,0.04,1.0179383353779168e-104,14,IGFBP7
0,3.4484378561758433,0.837,0.093,0,14,FGFBP2
1.7954902372954775e-117,3.1597413237480567,0.315,0.047,3.397965274081691e-113,14,LAIR2
7.484442282420748e-177,3.048723038756852,0.452,0.067,1.4164307019481263e-172,14,ADGRG1
1.6216205065909301e-304,2.8064597301253427,0.829,0.143,3.068916808723335e-300,14,GNLY
1.924321832165007e-102,2.6968346329569175,0.379,0.077,3.641779067372276e-98,14,TTC38
8.22886593436751e-220,2.657178525532745,0.716,0.145,1.5573128780790513e-215,14,FCGR3A
7.506049424735998e-179,2.6275249791297086,0.657,0.149,1.4205198536312876e-174,14,SPON2
5.547699349968106e-270,3.5638877516039176,0.707,0.085,1.049902101981464e-265,15,TRDC
6.44304759250025e-97,3.297246426402338,0.297,0.037,1.2193467568806724e-92,15,CAPN12
5.318963030885617e-115,3.105443130845734,0.419,0.063,1.006613753595103e-110,15,TXK
4.615420611571645e-70,3.0291331134720756,0.297,0.05,8.734683507399338e-66,15,FHL3
9.381896840290263e-91,3.011125601845688,0.394,0.07,1.775523977024932e-86,15,TMIGD2
2.005049357893885e-116,2.999381098546049,0.443,0.069,3.7945559098141772e-112,15,KLRC1
2.2512739405819628e-148,2.987147727150635,0.585,0.1,4.2605359325513645e-144,15,PTGDR
1.8920204131650552e-253,2.785297508023546,0.959,0.182,3.580648631914867e-249,15,FCER1G
6.037101044169842e-126,2.766817154522445,0.593,0.119,1.1425213726091427e-121,15,CCL3
1.1049542590162379e-159,2.6737422850214103,0.715,0.14,2.09112593518823e-155,15,KLRF1
0,13.754786228708339,0.667,0,0,16,LRRC26
0,11.909234628186324,0.699,0,0,16,SCT
0,11.528383658512372,0.407,0,0,16,SHD
0,11.020439239900478,0.325,0,0,16,KCNK17
0,10.567979603470869,0.309,0,0,16,KRT5
0,10.152177959608853,0.659,0.001,0,16,PTCRA
0,9.845623078772157,0.626,0.001,0,16,PTPRS
0,9.734910988455221,0.821,0.001,0,16,CLEC4C
0,9.000235470456179,0.935,0.003,0,16,LILRA4
0,8.848808718878981,0.325,0.001,0,16,DRD4
1.2508390159764728e-110,3.9172883577363464,0.305,0.016,2.367212837735475e-106,17,IGLV3-27
2.9087986488877782e-68,3.665286139191291,0.257,0.019,5.5049014430201205e-64,17,LDB2
3.196984843445699e-161,3.4231703346659588,0.762,0.07,6.050293816220985e-157,17,KLRC1
4.958984191542625e-87,3.3339214329725433,0.419,0.038,9.384877582494419e-83,17,NDFIP2
5.213591542438221e-64,3.268871246035305,0.257,0.02,9.866721994064332e-60,17,IGLV5-45
1.464690028997981e-51,3.245031471402869,0.267,0.026,2.771925879878679e-47,17,SERPINE2
3.6488680671386556e-93,3.2238032386499063,0.467,0.044,6.905482817059906e-89,17,KIR2DL4
3.6947586536920235e-142,3.1670451594212343,0.743,0.073,6.992330752112155e-138,17,SH2D1B
1.267326132741163e-71,2.8129899334645914,0.514,0.067,2.398414706212651e-67,17,TRGC1
1.4816751909659895e-62,2.6722845184947506,0.352,0.036,2.8040702989031352e-58,17,IGLV1-40
