CellType.full,Donor,Cells
B_Cell,D528848,285
B_Cell,D529074,88
B_Cell,D529351,8
B_Cell,D529354,30
B_Cell,D529409,60
B_Cell,Dhc570,169
B_Cell,P190326,12
B_Cell,P190402,237
B_Cell,P190604,118
B_Cell,P190716,62
B_Cell,P190719,573
B_Cell,P190801,52
B_Cell,P190808,170
B_Cell,P190910,25
B_Cell,P190911,369
B_Cell,P191008,93
B_Cell,P191028,106
B_Cell,P191112,301
B_Cell,P191126,137
B_Cell,P191127,276
B_Cell,P191210,145
B_Cell,P191217,66
CD4_T,D528848,406
CD4_T,D529074,210
CD4_T,D529351,46
CD4_T,D529354,364
CD4_T,D529409,116
CD4_T,Dhc570,544
CD4_T,P190326,219
CD4_T,P190402,878
CD4_T,P190604,540
CD4_T,P190716,358
CD4_T,P190719,522
CD4_T,P190801,983
CD4_T,P190808,1081
CD4_T,P190902,5
CD4_T,P190910,259
CD4_T,P190911,2490
CD4_T,P191008,2384
CD4_T,P191028,1395
CD4_T,P191112,886
CD4_T,P191126,639
CD4_T,P191127,751
CD4_T,P191210,734
CD4_T,P191217,515
CD8_T,D528848,1314
CD8_T,D529074,228
CD8_T,D529351,19
CD8_T,D529354,907
CD8_T,D529409,794
CD8_T,Dhc570,371
CD8_T,P190326,188
CD8_T,P190402,1826
CD8_T,P190604,661
CD8_T,P190716,1459
CD8_T,P190719,52
CD8_T,P190801,2610
CD8_T,P190808,1760
CD8_T,P190902,16
CD8_T,P190910,752
CD8_T,P190911,4387
CD8_T,P191008,6288
CD8_T,P191028,4772
CD8_T,P191112,2454
CD8_T,P191126,1034
CD8_T,P191127,3083
CD8_T,P191210,1201
CD8_T,P191217,2118
GammaDelta_T,D529074,468
MAIT,D528848,681
MAIT,D529074,181
MAIT,D529351,106
MAIT,D529354,2676
MAIT,D529409,832
MAIT,Dhc570,952
MAIT,P190326,87
MAIT,P190402,1680
MAIT,P190604,699
MAIT,P190716,627
MAIT,P190801,591
MAIT,P190808,449
MAIT,P190902,26
MAIT,P190910,265
MAIT,P190911,647
MAIT,P191008,3
MAIT,P191028,420
MAIT,P191112,1042
MAIT,P191126,444
MAIT,P191127,838
MAIT,P191210,2
MAIT,P191217,541
Macrophage,D528848,16
Macrophage,D529074,5
Macrophage,D529351,16
Macrophage,D529354,30
Macrophage,D529409,8
Macrophage,Dhc570,7
Macrophage,P190326,18
Macrophage,P190402,339
Macrophage,P190604,117
Macrophage,P190716,22
Macrophage,P190719,11
Macrophage,P190801,11
Macrophage,P190808,37
Macrophage,P190902,9
Macrophage,P190910,107
Macrophage,P190911,8
Macrophage,P191008,8
Macrophage,P191028,3
Macrophage,P191112,40
Macrophage,P191126,36
Macrophage,P191127,56
Macrophage,P191210,42
Macrophage,P191217,59
Monocyte,D528848,11
Monocyte,D529074,3
Monocyte,D529351,1
Monocyte,D529354,7
Monocyte,D529409,6
Monocyte,Dhc570,5
Monocyte,P190402,7
Monocyte,P190604,2
Monocyte,P190716,2
Monocyte,P190719,1409
Monocyte,P190808,6
Monocyte,P190910,3
Monocyte,P191112,8
Monocyte,P191126,3
Monocyte,P191127,5
Monocyte,P191210,44
Monocyte,P191217,9
Myeloid,D528848,53
Myeloid,D529074,10
Myeloid,D529351,35
Myeloid,D529354,47
Myeloid,D529409,49
Myeloid,Dhc570,97
Myeloid,P190326,7
Myeloid,P190402,277
Myeloid,P190604,100
Myeloid,P190716,24
Myeloid,P190719,22
Myeloid,P190801,12
Myeloid,P190808,72
Myeloid,P190910,60
Myeloid,P190911,22
Myeloid,P191008,403
Myeloid,P191028,8
Myeloid,P191112,83
Myeloid,P191126,56
Myeloid,P191127,108
Myeloid,P191210,417
Myeloid,P191217,96
NK,D528848,941
NK,D529074,931
NK,D529351,152
NK,D529354,404
NK,D529409,945
NK,Dhc570,1485
NK,P190326,651
NK,P190402,987
NK,P190604,610
NK,P190716,602
NK,P190719,344
NK,P190801,1121
NK,P190808,964
NK,P190902,4
NK,P190910,261
NK,P190911,220
NK,P191008,635
NK,P191028,370
NK,P191112,771
NK,P191126,500
NK,P191127,800
NK,P191210,300
NK,P191217,458
NK_like,D528848,817
NK_like,D529074,115
NK_like,D529351,295
NK_like,D529354,749
NK_like,D529409,370
NK_like,Dhc570,441
NK_like,P190326,182
NK_like,P190402,732
NK_like,P190604,198
NK_like,P190716,297
NK_like,P190801,622
NK_like,P190808,568
NK_like,P190902,5
NK_like,P190910,916
NK_like,P190911,696
NK_like,P191028,862
NK_like,P191112,398
NK_like,P191126,408
NK_like,P191127,609
NK_like,P191217,223
Plasma_Cell,D528848,5
Plasma_Cell,D529074,385
Plasma_Cell,D529351,8
Plasma_Cell,D529354,10
Plasma_Cell,D529409,180
Plasma_Cell,Dhc570,3
Plasma_Cell,P190326,2
Plasma_Cell,P190402,25
Plasma_Cell,P190604,16
Plasma_Cell,P190716,3
Plasma_Cell,P190719,47
Plasma_Cell,P190801,1
Plasma_Cell,P190808,12
Plasma_Cell,P190910,21
Plasma_Cell,P190911,1
Plasma_Cell,P191112,6
Plasma_Cell,P191126,13
Plasma_Cell,P191127,26
Plasma_Cell,P191210,12
Plasma_Cell,P191217,15
T_Cell,D529074,3274
T_Cell,P190910,2
pDC,D528848,3
pDC,D529074,3
pDC,D529351,3
pDC,D529354,8
pDC,P190326,11
pDC,P190402,21
pDC,P190604,22
pDC,P190716,2
pDC,P190719,9
pDC,P190801,6
pDC,P190808,33
pDC,P190910,7
pDC,P190911,10
pDC,P191008,24
pDC,P191028,7
pDC,P191112,25
pDC,P191126,17
pDC,P191127,24
pDC,P191210,21
pDC,P191217,13
